SubjectN,SubjectID,Age,Edu,Gender,Income,SpeededIP,StrategicIP,Percep,Caution,Discount,senseseek,mindful,emot_cont,impuls,goal_dir,rew_sens,risk_per,eat_cont,ethic_risk,soc_risk,fin_risk,agree,Conservatism,SocialConservatism,EconConservatism,Nationalism,Patriotism,IngroupAttitude,SDO,SJ,Authoritarianism,Dogmatism,IH1,IH2,IH3,IH4,IH_Total,ReligiousAttendance,ReligiousPrayer,ReligionImportance,SECS_Abortion_reversed,SECS_WelfareBen_reversed,SECS_LimitedGovt_Warmth,SECS_MilitaryNationalSecurity_Warmth,SECS_Religion_Warmth,SECS_GunOwnership_Warmth,SECS_TraditionalMarriage_Warmth,SECS_TraditionalValues_Warmth,SECS_FiscalResponsibility_Warmth,SECS_Business_Warmth,SECS_FamilyUnit_Warmth,SECS_Patriotism_Warmth,SECS_ParisAgreement_reversed,SECS_SameSexMarriage_reversed,SECS_Democracy_reversed,SECS_MAGA_Warmth,SECS_RestrictingImmigration_Warmth
1,s557,22,4,0,3,-1.779,-1.568,-0.046,0.228,0.488,-0.572,-1.285,-0.100,-0.121,-0.142,0.462,1.014,0.089,0.290,-0.467,-0.312,-1.766,67,36,31,33,22,24,18,37,3,44,12,17,18,19,66,1,1,1,2,2,7,9,6,3,4,9,9,10,4,2,4,1,2,1,4
2,s348,33,3,0,3,-2.342,-1.703,-0.630,-0.579,1.637,-0.279,0.884,1.033,1.116,0.220,0.869,-0.046,-0.713,0.574,-0.102,2.926,-0.614,120,68,52,41,33,8,27,51,1,38,18,15,25,22,80,4,6,4,6,10,11,11,9,10,11,11,11,10,10,10,10,4,1,8,7
3,s259,28,3,0,2,-1.905,0.734,1.172,-1.217,1.597,1.372,1.280,1.213,-1.343,1.529,1.009,-0.426,-0.355,-0.127,0.400,0.787,0.617,79,44,35,15,35,11,4,23,3,17,25,25,30,26,106,1,1,1,6,1,5,9,3,7,6,3,11,11,8,9,1,6,1,5,6
4,s014,31,1,0,2,-1.356,-1.111,-0.592,-0.030,1.213,-0.412,0.515,-0.131,1.086,-0.321,-0.494,0.030,-0.003,1.862,-1.330,0.404,0.184,82,51,31,33,20,15,18,32,8,41,16,19,20,18,73,1,2,2,11,5,7,6,7,7,7,7,6,6,7,6,5,5,5,6,6
5,s066,29,5,1,4,-0.576,-0.586,0.352,1.190,-0.210,-1.463,1.099,0.340,-1.022,1.140,0.724,0.793,0.717,0.401,0.719,-0.377,1.102,101,68,33,32,15,5,4,25,8,29,20,20,30,17,87,2,7,4,11,5,9,11,11,6,11,7,8,5,11,6,6,1,2,1,5
6,s396,37,7,0,1,1.192,1.266,0.585,-2.005,-1.886,-0.132,0.129,0.287,-0.904,0.808,-2.268,-0.089,0.434,1.008,0.001,0.611,-1.390,62,29,33,14,12,5,10,35,4,42,14,17,22,10,63,1,2,1,2,8,5,4,1,1,8,5,10,9,7,2,2,7,2,1,6
7,s299,38,5,1,4,-1.702,0.185,1.862,0.327,0.332,-0.383,0.551,1.659,1.297,-0.894,1.992,-0.201,-0.599,-1.351,0.889,-0.290,0.109,63,36,27,14,27,5,4,48,1,11,25,25,30,29,109,1,1,1,1,5,6,9,1,1,8,4,8,7,6,7,1,1,1,1,6
8,s168,35,5,1,2,1.773,1.424,-1.056,0.069,0.054,0.133,-0.631,0.737,0.192,-0.451,-0.946,-0.401,-0.105,0.300,0.471,-0.708,-0.636,69,27,42,19,14,6,15,32,4,23,22,20,24,21,87,1,1,1,1,6,6,8,2,11,2,2,11,8,6,6,11,1,2,3,7
9,s495,43,4,1,3,0.199,-0.498,0.757,1.608,-0.653,-0.817,0.363,-0.162,0.707,0.158,-1.200,0.935,-0.106,0.906,-0.142,-0.255,1.173,84,54,30,28,23,10,8,37,5,28,20,20,24,21,85,5,4,4,6,6,5,8,9,4,7,6,7,8,9,9,4,4,2,3,2
10,s076,39,4,1,2,-0.542,-1.625,-0.828,0.381,1.455,0.458,0.319,0.480,1.040,0.415,-0.052,0.692,0.623,-0.325,0.649,-0.012,0.055,75,42,33,33,26,10,4,22,6,19,25,20,24,25,94,3,5,2,6,5,7,2,4,10,6,7,8,3,9,8,3,6,3,1,4
11,s180,36,5,0,2,-1.314,2.632,0.540,-0.118,0.227,1.634,0.880,-0.452,-0.306,-0.363,-0.596,-0.983,-0.941,1.041,1.221,1.382,-1.787,70,34,36,21,16,12,12,20,3,31,19,20,23,19,81,1,1,1,1,5,9,7,6,11,6,3,10,1,6,5,1,1,6,2,6
12,s483,31,3,1,2,-0.140,-0.145,-0.414,-1.023,0.335,-1.226,1.148,-1.418,-0.786,-0.631,-2.341,-0.645,-1.067,-1.094,-1.169,-1.385,0.605,69,38,31,24,15,5,4,47,4,31,25,20,30,15,90,1,1,1,1,2,7,11,3,7,6,6,7,8,6,5,2,1,1,1,5
13,s207,35,5,1,1,0.938,-0.120,-0.729,-0.693,-1.255,-1.452,1.198,-0.997,-0.932,1.302,-1.089,1.547,-1.213,-1.331,-1.697,-1.361,1.422,110,77,33,29,35,5,7,44,7,43,5,23,29,19,76,5,7,5,11,2,6,11,11,6,11,11,10,9,11,11,6,11,1,6,6
14,s042,31,5,0,4,0.511,0.861,0.233,-0.775,-1.641,-0.144,-0.295,-0.516,-0.179,-0.456,-0.869,-0.018,-0.683,-0.455,-0.183,-0.223,0.848,55,29,26,28,18,9,4,31,0,22,22,25,30,20,97,1,1,1,7,4,3,7,2,6,3,3,6,7,5,2,2,4,3,3,5
15,s011,29,3,1,2,1.281,1.363,-1.484,0.368,0.999,-0.983,1.856,0.725,0.261,0.873,-0.833,-0.173,0.169,1.422,2.138,-0.235,0.227,50,30,20,9,5,5,4,9,0,11,25,17,30,30,102,1,1,1,1,1,1,2,1,1,9,4,9,8,9,4,1,1,2,1,1
16,s117,35,3,0,5,-0.429,0.519,-0.362,-0.578,-0.659,2.079,1.417,1.381,0.737,0.107,1.674,-0.663,-1.160,0.176,0.523,2.062,-1.853,47,27,20,22,10,19,4,21,1,15,25,25,28,27,105,1,1,1,3,3,5,7,1,2,1,1,6,4,11,3,1,1,1,1,1
17,s169,47,5,1,2,-1.151,-2.450,-0.558,-0.642,1.620,-1.144,1.687,0.222,-1.667,0.991,1.607,0.891,-1.436,-0.195,-0.254,0.063,1.613,122,77,45,42,29,15,4,13,3,61,6,23,22,8,59,5,7,5,11,1,11,11,11,11,11,11,11,11,11,11,1,11,1,11,11
18,s069,34,4,1,4,-1.749,-1.057,0.541,-0.124,0.673,-0.301,0.207,1.142,0.928,0.081,0.886,-0.694,-0.059,-0.351,0.178,0.572,-0.190,76,48,28,34,20,17,4,27,4,41,19,18,25,15,77,2,5,3,4,5,5,8,6,3,8,5,8,7,10,7,4,5,4,1,5
19,s279,25,2,1,2,-0.550,-2.545,1.309,0.998,0.331,0.236,0.575,-0.080,0.533,-0.900,0.218,0.406,0.838,-0.367,-3.323,0.804,-1.285,90,59,31,38,27,29,24,38,6,40,9,19,25,16,69,5,6,3,11,5,6,11,10,7,1,6,8,5,11,9,6,8,1,11,9
20,s043,43,4,0,3,-0.988,0.173,0.460,0.790,-0.087,0.994,-0.371,-0.016,0.928,-0.849,0.497,-1.644,-0.825,-0.201,1.264,0.951,0.150,70,31,39,28,28,14,4,15,2,27,17,20,28,20,85,1,1,1,1,4,9,7,1,10,6,1,11,5,6,9,1,1,1,1,3
21,s500,48,7,1,5,0.300,-0.232,1.206,-0.454,-1.132,0.833,-0.319,-0.518,0.284,-0.299,0.126,0.072,-0.258,-1.238,-0.150,1.979,-1.124,84,47,37,30,13,10,15,34,6,34,19,20,24,22,85,1,2,1,2,6,8,10,4,4,9,5,10,9,11,6,3,3,1,2,7
22,s065,31,5,1,4,-1.947,0.629,-0.930,-0.899,-0.579,-0.359,-2.824,-1.637,0.964,-0.755,-0.297,0.454,1.384,0.383,0.239,-0.087,1.125,75,49,26,30,18,10,6,41,0,27,10,18,24,18,70,2,4,4,6,6,6,6,10,2,6,6,6,6,5,10,2,6,3,2,2
23,s372,39,5,0,4,0.649,0.935,0.282,2.658,1.178,-0.719,1.539,0.558,-1.139,1.685,0.452,0.984,-1.379,-1.343,-0.540,-0.087,1.270,80,46,34,20,25,9,4,48,12,26,9,23,30,25,87,1,1,1,6,4,8,10,3,3,6,1,11,8,11,9,6,1,1,1,7
24,s471,35,5,0,4,-0.165,-1.438,-0.460,0.702,0.872,0.452,-0.264,0.538,0.042,-0.421,0.941,-0.871,0.161,0.193,0.046,1.023,-0.207,74,36,38,31,28,15,4,44,5,32,22,24,29,25,100,2,2,1,2,3,6,4,2,9,10,3,10,10,7,8,1,2,1,3,2
25,s077,33,5,0,3,-1.059,-1.371,1.236,1.774,-0.262,-0.375,1.191,1.007,0.748,-0.473,-1.501,-0.626,-1.621,-0.916,1.005,0.964,-0.098,85,44,41,35,29,20,21,33,4,40,14,24,19,18,75,1,1,1,6,11,6,6,1,3,7,6,10,11,10,8,5,6,2,8,8
26,s392,45,4,0,3,0.389,0.159,0.436,-0.393,-0.399,-1.536,0.343,-0.453,-1.061,0.551,-1.415,0.220,-1.098,0.736,-2.434,-1.339,0.451,84,56,28,32,30,14,36,37,8,42,23,19,25,17,84,5,5,,2,8,5,9,6,1,11,9,10,4,10,9,2,10,5,2,6
27,s266,43,5,0,4,0.172,-1.200,0.037,0.934,0.287,1.165,0.787,0.342,0.589,0.717,0.937,0.821,-0.235,-1.145,-0.794,-0.842,-1.811,126,76,50,41,35,24,29,54,4,32,16,20,27,18,81,5,7,4,11,6,11,11,11,11,11,11,11,11,10,11,11,11,1,11,11
28,s009,29,5,0,1,0.248,1.072,-1.944,0.138,-0.603,-0.376,-0.970,-0.762,1.684,-1.913,0.505,-2.005,1.189,1.106,-0.123,-0.317,-1.152,66,33,33,29,15,6,18,26,4,35,10,19,24,14,67,1,1,1,1,4,9,6,4,5,3,6,9,6,5,8,2,2,2,6,5
29,s129,38,4,0,1,0.483,-0.871,0.747,-1.685,-0.591,1.179,-0.901,-0.888,-1.117,-1.213,-1.232,-0.134,0.255,-1.123,0.678,0.280,-0.079,89,44,45,16,21,13,18,26,5,29,15,24,30,18,87,4,6,5,6,6,11,7,8,11,5,6,9,8,6,6,4,1,4,2,1
30,s228,38,2,0,2,-0.241,1.001,0.634,-1.764,-0.798,-1.615,-1.636,-2.508,-0.701,0.011,-1.535,-0.752,1.757,-0.519,-1.718,0.427,-0.112,49,31,18,14,10,10,5,12,3,28,7,24,21,20,72,1,1,1,4,3,2,4,2,3,6,5,7,3,8,2,3,2,4,1,3
31,s273,35,5,0,3,2.061,0.694,2.779,1.646,-0.208,-1.183,0.803,0.586,-0.823,1.379,-0.338,0.072,-0.976,0.885,-0.472,-0.319,0.551,62,29,33,17,14,9,10,36,2,25,17,22,29,22,90,1,1,1,2,3,5,3,3,8,6,4,9,8,6,5,1,1,2,1,1
32,s507,35,5,1,1,0.534,0.354,0.214,0.665,-0.048,-0.731,-1.182,-0.560,-0.220,-0.891,-0.966,-0.372,1.419,-1.003,-0.450,-0.553,0.035,53,31,22,22,11,5,5,25,1,24,15,23,24,25,87,1,1,1,1,4,7,7,2,1,6,4,3,7,8,3,2,1,1,1,2
33,s551,40,4,0,2,0.524,-1.159,-0.213,-0.785,-0.425,1.705,1.717,0.405,-0.715,1.156,1.969,-0.477,-1.506,-1.225,1.696,1.347,2.029,46,33,13,9,6,6,4,8,0,23,16,22,30,11,79,2,6,2,3,1,1,2,6,1,8,1,8,2,11,2,1,1,1,1,1
34,s403,25,3,1,2,-0.205,0.240,-0.900,-0.126,0.445,-1.476,-2.398,-2.703,0.314,-1.255,-1.044,0.756,2.610,0.564,-0.345,0.370,-0.717,32,13,19,11,6,8,6,20,0,35,6,19,18,15,58,1,1,1,3,6,2,3,2,1,1,1,6,4,1,2,6,1,7,1,2
35,s411,34,6,0,3,0.608,1.782,-0.421,0.939,-0.822,-0.411,1.186,0.564,-0.301,-0.345,-1.046,0.719,-1.335,0.446,-0.640,-0.534,0.865,83,49,34,48,22,23,12,39,3,27,18,20,26,20,84,2,2,2,6,7,7,8,5,4,9,6,8,8,9,6,3,4,1,3,10
36,s095,49,7,0,1,1.039,0.660,3.264,2.282,0.588,-0.212,0.496,0.564,0.009,1.034,-0.071,0.912,-0.160,-0.412,-0.237,-0.146,-0.620,81,38,43,33,20,13,9,27,5,29,20,20,24,23,87,1,1,1,1,7,11,6,2,6,8,5,11,8,8,8,6,3,6,11,11
37,s143,31,2,0,2,-1.453,-0.329,0.581,-0.127,1.070,-0.332,0.103,1.059,-0.458,0.516,-0.633,-1.161,-1.384,-1.486,-0.061,-1.215,-1.970,111,70,41,43,32,22,40,42,7,47,22,22,27,11,82,1,1,1,9,6,9,11,6,10,11,11,6,10,11,11,9,7,2,11,11
38,s187,30,5,0,3,-0.861,-1.177,-0.105,0.231,-0.654,0.517,-1.569,-0.473,0.980,-0.741,-0.012,-0.039,0.570,1.965,-0.257,1.089,-0.874,65,41,24,33,19,23,17,40,1,36,12,17,19,16,64,1,1,1,1,2,5,7,7,7,7,6,8,2,3,10,1,1,3,1,2
39,s004,37,5,0,4,2.098,-0.220,-1.198,2.435,0.306,-0.918,1.647,1.193,-0.001,0.541,-0.332,-1.898,-0.935,-1.442,-0.662,0.966,0.429,106,63,43,39,27,18,9,37,12,35,25,22,26,10,83,1,2,3,5,8,9,10,8,9,10,10,9,8,10,10,3,7,1,2,7
40,s474,30,5,0,4,0.431,1.494,0.009,0.849,0.309,-0.835,-0.055,0.380,0.413,-0.777,1.029,0.798,-0.292,0.856,-2.374,-0.356,0.007,87,56,31,23,21,19,21,38,6,42,14,15,20,16,65,6,6,4,9,5,5,7,10,7,7,8,6,8,8,7,5,6,4,8,9
41,s044,38,4,1,1,0.134,-1.256,-0.580,1.414,0.357,-1.398,0.083,-0.732,-2.045,0.089,0.207,0.230,0.829,-0.264,0.287,-1.103,-1.159,98,70,28,47,33,17,9,36,12,32,8,23,28,17,76,1,2,1,11,6,6,11,4,1,11,11,11,4,11,11,6,1,6,11,11
42,s229,29,5,0,3,-0.638,-1.414,-0.230,-0.392,0.733,1.033,0.451,-0.098,0.730,0.506,1.125,-0.346,-0.373,1.222,-1.332,1.214,0.349,90,52,38,41,30,18,23,41,7,41,10,20,25,15,70,4,3,3,3,5,8,9,9,8,7,8,9,8,8,8,3,4,3,8,8
43,s051,33,3,0,2,-0.445,-0.214,0.120,0.083,1.693,0.464,0.455,0.318,-1.008,-0.212,0.266,0.388,-1.167,0.820,0.514,0.799,-0.313,75,45,30,33,9,12,4,21,6,17,21,21,28,26,96,2,2,1,6,4,6,6,6,4,8,7,8,8,7,5,6,6,4,2,3
44,s230,48,5,0,4,0.948,-0.046,0.734,-0.555,-1.280,0.796,0.580,1.482,-1.421,1.377,1.832,0.709,0.966,0.434,1.406,0.523,-2.074,72,32,40,21,32,14,4,14,2,22,25,24,30,22,101,1,1,1,6,4,8,9,1,10,1,1,11,7,6,8,1,1,1,1,1
45,s446,28,5,0,1,1.131,1.344,0.115,0.615,0.060,0.398,-0.083,-0.736,-1.532,-0.618,-2.005,-0.804,-0.854,1.945,-0.444,-0.166,-1.249,99,52,47,32,16,12,33,39,1,33,19,20,24,20,83,1,1,1,5,9,11,7,5,8,10,9,11,8,11,5,8,9,8,7,11
46,s498,30,3,0,3,-0.133,0.172,-0.211,-1.853,0.795,1.342,0.929,1.380,-0.380,0.687,1.345,-0.420,-1.034,1.047,1.416,2.105,-1.467,44,16,28,12,7,9,4,15,1,21,20,24,28,22,94,1,1,1,1,2,7,4,1,5,3,1,8,6,4,2,1,1,1,1,1
47,s138,29,3,0,2,-0.239,0.423,-1.201,0.790,0.775,-0.477,0.308,-0.532,-0.929,0.646,1.642,0.884,1.890,0.093,0.268,0.435,0.133,90,55,35,23,14,10,4,18,0,25,20,25,30,21,96,1,6,5,11,1,8,6,9,6,11,6,11,9,11,1,1,1,1,3,6
48,s267,42,5,0,4,-0.436,0.023,0.307,0.768,0.542,1.427,0.447,1.699,1.257,1.043,1.457,-0.420,0.033,0.117,1.296,-0.656,-0.807,104,56,48,27,27,16,26,41,3,47,24,20,27,15,86,2,3,3,6,9,11,8,6,7,11,10,11,10,11,4,9,10,1,8,10
49,s081,45,4,1,3,0.751,-0.395,-1.184,1.973,-0.097,-1.090,0.930,-0.612,-1.812,-0.993,-0.784,0.042,1.226,-1.156,-0.106,-1.676,0.871,67,35,32,31,33,6,4,42,4,18,23,20,26,19,88,3,5,3,2,6,5,6,8,6,3,4,8,7,6,6,1,1,1,1,3
50,s026,40,5,0,2,0.843,0.023,-0.678,-0.538,-1.378,-1.443,0.314,0.816,-0.109,0.480,-0.650,-1.004,-0.437,-0.196,-1.340,0.052,0.609,110,63,47,39,14,10,30,45,8,40,20,25,25,14,84,1,1,1,10,9,10,9,6,10,10,10,10,8,10,8,6,6,2,10,8
51,s155,35,2,1,2,-1.759,-1.281,0.523,-0.094,-0.323,-0.362,1.108,-0.125,1.987,0.589,1.169,-0.407,-0.683,-0.497,3.257,-2.021,-1.563,17,7,10,9,11,5,4,32,0,39,10,17,21,16,64,1,1,,1,1,6,1,1,1,1,1,1,1,1,1,1,1,1,1,1
52,s523,45,3,1,2,-1.006,0.840,2.566,2.365,0.326,0.958,-0.786,0.633,-1.348,0.635,-0.768,1.720,-0.220,0.276,1.436,-1.042,-0.582,59,24,35,24,27,13,18,21,4,50,13,19,20,9,61,1,1,1,2,8,7,4,1,8,6,2,6,6,3,6,1,1,3,2,4
53,s534,33,3,1,4,0.294,-0.433,-0.502,-0.010,0.702,1.150,-1.306,-0.835,-0.013,-1.866,0.154,-1.093,1.186,-0.367,1.265,0.921,1.360,47,23,24,23,7,5,4,15,4,29,19,20,24,25,88,1,1,1,1,3,6,3,3,1,6,1,6,8,6,3,2,2,2,2,1
54,s387,50,3,1,3,-0.359,-0.258,1.301,-1.171,-0.958,-0.882,0.284,0.025,0.348,0.745,-0.703,0.296,-0.225,0.572,0.192,0.782,1.313,65,48,17,28,30,18,4,40,0,26,15,23,24,19,81,1,1,1,2,1,1,9,6,4,7,7,5,6,7,10,1,1,1,5,1
55,s475,29,5,0,4,-0.353,-0.861,0.710,-0.550,1.055,1.064,-1.669,0.347,-0.770,0.528,1.143,-1.173,2.353,1.969,-1.815,1.500,-0.048,77,41,36,51,30,20,11,47,3,39,8,17,21,12,58,6,5,3,6,4,7,8,7,8,5,4,9,8,7,4,7,7,4,8,9
56,s139,38,4,1,2,0.300,-0.324,0.544,-0.050,1.240,0.953,0.183,-0.339,-0.289,-0.151,0.739,0.882,-1.279,0.472,1.685,-0.391,0.425,55,25,30,13,6,9,4,17,3,22,25,24,29,22,100,1,1,1,1,5,5,6,3,8,2,1,6,6,11,1,1,1,1,1,2
57,s454,36,2,1,4,-0.845,-1.484,0.006,-0.582,-1.512,-1.314,-0.125,0.620,-0.032,-0.042,0.032,2.027,-1.408,-0.656,-1.333,-0.411,0.770,115,67,48,48,34,12,16,48,12,38,20,20,24,19,83,1,1,,9,11,9,10,7,9,10,10,9,10,11,10,6,4,1,11,11
58,s231,40,2,1,2,-0.136,-0.067,-0.166,-0.218,-0.364,-1.232,-0.125,-0.946,0.189,0.123,-0.204,1.035,-0.854,-0.005,-1.099,0.378,0.726,49,31,18,24,24,16,6,39,4,27,14,22,24,23,83,1,1,2,3,2,3,6,5,4,3,3,5,4,4,7,2,2,3,2,3
59,s025,41,6,1,2,0.559,0.317,-0.130,-0.163,0.028,0.203,-0.754,-2.197,1.082,-1.309,-2.066,0.303,1.595,0.756,-0.321,-0.297,-0.560,51,30,21,29,12,5,12,20,3,34,10,20,22,20,72,1,1,1,2,2,4,4,1,6,6,6,6,3,7,4,6,6,5,1,6
60,s019,35,2,1,4,0.228,-0.938,-0.992,-1.331,1.288,-0.558,0.133,0.550,-0.916,0.707,-0.045,-0.316,-0.695,0.072,-0.845,-0.424,1.619,90,55,35,35,30,12,12,42,5,29,24,24,30,20,98,1,1,1,6,6,5,10,4,9,8,8,9,6,9,10,6,1,2,4,7
61,s319,38,4,1,2,0.194,-0.743,0.460,0.300,0.880,-1.503,0.235,0.687,-0.533,0.385,-0.050,1.238,0.204,-1.567,-0.239,-1.002,0.503,83,52,31,28,27,5,4,24,0,20,22,19,25,23,89,2,7,3,1,2,6,6,11,6,11,6,11,6,11,6,1,1,1,1,1
62,s395,45,4,1,4,-0.422,-0.620,-0.940,-0.140,0.077,0.464,0.600,0.339,0.441,0.292,0.095,0.893,-0.255,-2.136,-0.137,0.766,0.039,59,41,18,14,14,10,5,12,3,24,20,20,30,24,94,1,7,4,4,2,6,2,9,1,8,8,6,3,8,2,3,4,7,1,1
63,s010,47,5,0,3,-0.674,1.870,-0.643,1.486,0.725,0.790,-0.653,0.763,0.429,0.832,0.074,0.173,-0.109,1.889,-0.304,1.203,-0.503,72,40,32,28,17,5,28,46,5,32,20,20,24,15,79,1,1,1,2,4,6,6,4,3,8,6,9,10,8,6,2,7,2,1,6
64,s283,30,3,0,4,1.704,0.447,1.605,0.002,1.295,-0.366,-1.474,-0.800,0.313,-0.464,1.117,1.345,0.263,1.653,-0.140,1.441,-2.400,103,49,54,36,20,5,22,31,0,46,15,17,20,15,67,1,1,1,3,11,11,10,3,11,8,6,11,10,11,8,11,2,6,10,11
65,s426,40,5,0,3,-1.812,-0.084,0.951,0.775,1.269,0.943,0.122,-0.367,-0.131,-0.328,-0.023,0.019,1.734,1.703,0.112,-1.030,-0.855,62,28,34,26,13,5,8,11,1,37,11,12,26,13,62,1,1,1,5,6,9,1,1,7,3,2,6,6,10,6,4,1,4,1,2
66,s514,47,3,0,2,-0.434,0.737,-0.466,-1.978,-0.543,-0.178,0.432,1.754,-0.911,-0.663,0.003,-1.913,-0.843,3.129,0.836,0.521,-1.118,52,27,25,10,11,7,5,9,1,36,19,25,30,16,90,1,1,1,6,3,8,1,1,6,8,2,7,1,6,3,4,4,4,6,2
67,s503,40,3,1,4,1.004,0.307,-0.051,1.318,0.310,0.303,0.815,-0.724,-0.867,0.592,0.601,0.443,-1.025,-1.492,-0.057,-0.330,0.742,90,56,34,22,33,14,4,40,3,21,21,22,28,20,91,1,1,1,4,3,7,9,6,5,10,6,11,8,10,11,1,2,1,1,6
68,s337,36,6,1,3,-0.931,-1.485,-1.351,-0.884,-0.080,-0.291,-2.018,0.685,-0.144,0.751,-0.585,1.042,2.304,1.648,-0.365,0.105,1.101,87,64,23,22,27,14,4,27,6,33,9,23,26,17,75,5,6,4,10,5,4,8,9,2,11,9,8,4,11,6,3,11,2,1,6
69,s404,48,3,1,2,0.261,-0.966,-0.602,0.394,-0.147,-1.108,-0.491,-0.543,0.752,-0.521,-0.111,1.112,0.508,0.130,-0.320,-0.929,0.684,126,77,49,42,32,13,25,47,7,34,16,10,24,18,68,3,5,4,11,9,11,11,11,10,11,11,10,9,11,11,9,7,2,10,10
70,s218,51,6,1,4,-0.112,-0.697,0.090,1.056,0.780,-0.863,1.823,1.161,-1.017,1.074,0.928,1.703,-1.803,-1.414,-0.801,-1.681,0.078,82,53,29,18,31,6,4,26,0,12,24,17,30,27,98,3,2,3,1,1,11,10,8,4,11,6,7,6,6,11,6,1,1,1,1
71,s135,29,4,0,2,-1.051,-1.080,0.624,1.033,1.090,0.487,0.446,0.742,-0.949,0.560,0.882,1.276,0.119,-0.057,-0.403,-0.108,0.086,103,55,48,35,24,23,27,44,2,39,17,21,23,20,81,3,5,3,9,6,11,9,4,11,7,4,10,10,11,11,10,4,8,11,8
72,s141,27,2,0,3,-0.798,-0.838,1.180,-1.654,0.290,-1.014,1.705,2.313,-1.138,0.631,1.817,0.714,-1.628,-0.743,1.332,-0.607,-0.022,37,25,12,17,17,12,4,24,0,28,25,20,30,9,84,1,7,5,6,1,1,4,5,2,1,1,4,4,4,4,2,1,1,1,1
73,s374,36,5,0,3,1.479,1.760,0.818,-0.646,-2.013,2.399,-2.169,-1.942,0.421,-3.190,-1.949,-1.902,-0.722,0.472,0.392,0.829,-1.895,22,12,10,9,5,5,5,15,0,30,22,25,27,27,101,1,1,1,3,1,1,1,2,4,1,1,1,3,3,1,1,1,4,1,1
74,s360,45,4,1,4,1.489,-1.167,-0.051,1.309,0.209,-1.492,1.794,0.576,-0.882,1.044,-0.123,1.813,-1.578,-1.566,0.670,-2.105,2.319,116,72,44,42,35,9,4,50,6,24,25,25,30,26,106,1,1,1,11,11,6,11,6,8,11,11,11,8,11,11,6,6,4,11,11
75,s210,36,4,0,2,0.335,-0.072,-0.764,0.127,1.235,2.072,1.147,0.996,0.213,1.016,2.105,-1.202,-0.704,2.261,1.158,-0.104,-1.865,99,58,41,55,18,18,4,12,0,19,25,25,30,18,98,3,7,2,6,1,11,11,9,11,6,9,11,7,11,6,6,3,1,11,11
76,s351,36,2,1,3,0.011,-1.174,0.578,0.130,1.750,-1.294,1.921,-0.424,-0.787,1.194,0.594,-0.248,-1.231,-1.417,-0.460,-0.324,1.209,105,74,31,34,35,23,4,47,11,30,20,20,24,23,87,5,6,4,11,8,6,11,11,5,11,10,6,6,10,10,6,10,2,8,9
77,s023,48,2,0,2,0.655,-0.106,1.141,1.027,-0.190,0.352,0.048,0.493,-0.295,-0.057,-1.048,-0.278,-0.715,1.847,1.048,-0.093,0.986,67,39,28,21,27,16,9,30,3,29,22,23,28,21,94,1,1,1,6,4,3,4,4,4,8,6,9,8,8,3,2,7,3,1,6
78,s111,39,2,1,4,-0.299,0.478,0.356,0.328,0.755,1.219,0.319,-1.358,2.855,-0.576,1.109,1.751,0.152,0.106,-0.144,0.302,0.876,69,41,28,37,30,15,9,24,5,30,17,16,24,18,75,2,2,2,3,2,5,10,6,6,2,2,8,7,8,10,6,1,3,6,2
79,s264,25,3,1,2,-1.780,-1.407,-0.624,-0.604,1.377,-0.348,0.103,0.555,0.493,-0.054,-0.270,1.273,0.311,1.176,-0.483,1.543,0.960,58,39,19,32,15,10,4,13,2,41,20,18,24,18,80,1,1,1,7,7,1,11,1,5,11,7,1,5,1,1,11,1,11,1,7
80,s153,33,5,0,4,-1.031,-1.772,0.677,-1.296,1.242,-0.798,1.511,1.331,-1.044,0.214,1.474,0.841,-0.571,2.267,0.344,2.193,1.467,124,71,53,56,30,20,37,50,5,29,19,20,26,18,83,5,5,3,9,10,11,10,11,11,9,11,10,11,11,10,1,9,1,11,8
81,s235,32,3,1,4,-1.566,0.135,1.055,0.407,0.632,-0.991,0.351,-0.984,-0.212,1.508,-0.682,-0.414,-0.603,0.975,-0.413,0.130,0.934,59,22,37,31,26,12,8,42,2,28,22,21,27,22,92,1,1,1,3,9,7,4,1,7,3,3,7,7,4,4,3,2,2,4,2
82,s291,32,5,1,5,-1.206,0.606,1.538,0.322,-0.106,0.826,1.361,0.433,0.127,-0.152,-0.618,-0.074,0.485,-0.618,-0.832,0.847,-0.165,80,50,30,38,18,22,30,34,8,44,15,12,21,16,64,3,3,3,9,5,4,4,5,6,9,10,6,9,7,6,4,9,7,6,8
83,s502,37,5,1,3,0.591,-0.416,-0.633,1.249,-0.270,0.651,-0.567,0.083,1.318,-1.137,1.699,-0.604,0.602,0.387,-0.444,-1.484,-0.376,74,46,28,21,15,10,4,39,3,23,20,25,30,28,103,3,1,2,3,3,4,8,4,2,7,8,10,9,10,6,8,2,3,5,2
84,s298,38,5,1, ,1.361,-1.581,0.058,-0.315,-0.675,-0.018,1.279,0.402,0.673,-0.973,0.258,-0.113,0.472,-0.487,0.592,2.244,0.162,41,25,16,14,14,11,7,18,5,37,18,23,23,22,86,1,1,1,2,1,3,1,2,5,6,6,6,1,6,2,3,2,3,1,6
85,s275,25,3,1,3,-1.278,-0.364,0.559,-1.030,1.110,-0.284,1.879,1.698,-0.850,-0.079,2.180,0.794,-1.560,1.272,-1.193,2.213,0.831,76,42,34,54,32,6,9,27,1,60,7,11,19,8,45,4,2,2,1,3,6,10,3,6,8,2,9,10,9,9,2,3,2,10,10
86,s336,28,5,0,2,-1.282,1.213,-1.020,-1.664,1.281,-0.700,-0.873,0.787,0.935,-1.823,-0.842,-0.552,1.702,0.221,-1.372,0.667,-0.375,70,40,30,26,25,12,14,39,10,36,19,21,26,13,79,1,1,1,4,6,5,6,1,3,8,7,8,8,8,6,6,6,5,5,6
87,s296,34,5,1,3,-0.096,0.253,0.190,0.015,-0.602,1.078,0.339,0.815,0.627,0.003,0.495,-0.553,-0.106,1.323,0.242,0.564,1.765,68,31,37,19,21,10,4,37,4,34,20,18,24,19,81,1,1,1,1,3,6,2,3,10,6,6,10,8,6,7,1,1,3,1,3
88,s265,40,6,0,4,-2.112,-0.180,-0.848,-0.653,0.253,1.061,-0.836,0.484,0.795,-0.565,1.875,-0.244,0.578,0.531,0.566,2.043,-1.824,104,60,44,26,31,11,27,22,8,17,22,25,29,20,96,1,1,1,6,8,11,11,1,4,10,10,11,10,11,11,2,4,2,11,10
89,s517,34,5,0,3,-0.622,-2.168,1.411,-0.673,0.893,-0.389,1.518,1.197,-1.355,0.094,2.331,0.801,1.860,-0.359,-0.176,-0.615,-1.830,52,27,25,9,17,5,14,14,3,14,25,21,30,26,102,1,1,1,1,1,11,1,1,1,11,1,11,1,11,1,1,1,1,1,1
90,s184,50,5,1,4,0.476,0.042,-1.874,1.223,-0.839,0.743,-0.324,0.188,0.598,0.528,0.608,-0.434,0.093,0.006,1.368,0.513,0.810,95,54,41,19,29,11,13,25,4,25,19,23,29,24,95,2,2,2,4,7,8,10,7,8,11,7,10,8,8,7,2,1,2,2,5
91,s419,28,5,1,3,-0.105,-1.081,-0.888,-0.574,-0.347,0.568,0.229,-0.549,-1.208,1.174,0.094,-0.978,1.249,-0.127,0.665,-0.397,-1.179,67,36,31,31,17,14,16,29,5,24,13,20,25,19,77,1,1,1,3,4,8,5,2,5,8,5,7,7,7,6,4,1,7,5,4
92,s055,55,4,0,2,-0.669,-0.371,0.896,1.717,0.152,1.753,-2.068,-2.508,2.966,-1.836,1.373,0.184,0.505,1.077,2.026,2.101,-1.873,107,54,53,40,30,32,37,45,4,48,22,25,28,18,93,1,2,1,1,11,11,11,2,11,11,8,11,9,11,10,11,11,11,11,11
93,s539,31,3,0,2,-0.298,0.214,-0.833,-1.399,0.659,-1.187,0.304,-1.416,-0.562,-2.649,-0.046,-1.824,2.381,-0.157,0.387,1.723,0.524,43,30,13,18,6,6,10,10,3,24,25,21,29,29,104,3,2,3,10,4,1,3,7,3,1,1,3,2,6,2,5,1,3,1,9
94,s013,52,3,1,4,2.120,0.026,0.449,1.119,-0.824,-0.620,0.787,1.045,0.027,0.179,-1.142,-1.091,-0.083,-0.386,0.628,0.302,0.793,66,42,24,21,35,9,4,26,5,34,25,20,27,21,93,1,1,1,1,2,5,6,1,1,11,6,9,7,11,6,1,1,1,3,5
95,s089,35,4,1,3,-0.165,-0.495,2.462,0.376,0.568,-1.124,-0.597,1.026,-1.038,-0.303,0.180,1.769,1.756,0.482,-0.311,-1.466,1.098,116,76,40,33,35,15,23,42,7,33,25,24,30,23,102,3,5,4,11,2,6,11,10,11,11,11,11,10,11,11,1,9,6,11,11
96,s313,26,4,1,2,-0.595,-0.354,1.841,0.277,-0.698,-0.199,-0.100,-0.428,-2.149,1.138,-2.122,-0.143,-1.470,-0.693,0.193,0.149,-3.979,67,32,35,21,5,5,9,32,1,15,25,20,30,25,100,1,1,1,6,11,6,6,1,6,6,6,6,6,6,1,6,1,6,6,8
97,s125,32,3,1,3,-0.788,-0.191,0.722,-0.130,-1.329,-1.265,1.965,1.774,-0.927,0.771,-0.654,1.011,0.038,-1.130,-1.377,-1.022,0.449,109,76,33,14,17,6,4,27,9,25,25,25,30,24,104,2,4,4,11,6,6,11,11,6,11,10,11,4,11,11,1,10,1,1,1
98,s149,47,7,0,5,0.230,0.136,0.681,1.602,-0.144,0.848,-2.231,-1.841,1.066,-1.187,-0.971,-1.002,1.221,1.956,0.386,1.349,-1.324,29,20,9,16,12,5,8,20,1,29,20,20,23,24,87,1,1,1,3,1,1,2,3,1,4,2,3,3,4,2,3,3,1,1,1
99,s363,57,3,1,3,0.635,-0.928,1.130,1.807,-0.369,-0.253,0.776,-0.078,-0.759,1.414,0.467,1.078,-0.524,-2.142,1.515,-1.163,1.401,93,63,30,31,35,17,4,14,3,40,22,25,30,22,99,1,2,1,6,1,6,7,6,11,11,11,6,6,11,11,11,6,1,11,11
100,s249,30,5,0,4,-1.677,-0.940,1.161,0.237,0.445,0.706,-0.146,0.645,0.238,-0.659,0.835,1.390,0.958,1.970,-0.435,0.519,-1.387,89,66,23,37,24,24,29,36,9,44,14,20,20,12,66,5,6,4,11,2,3,6,6,1,11,11,9,8,11,10,10,10,3,6,6
101,s214,47,6,0,2,0.725,-0.027,-0.258,0.213,-0.247,0.834,0.039,0.377,-0.019,0.208,-0.204,0.282,-0.217,-0.258,0.973,0.834,-0.414,65,37,28,35,11,5,21,20,2,38,18,20,22,11,71,1,1,1,5,5,4,5,1,6,6,6,8,5,8,6,7,9,4,4,9
102,s227,39,6,0,4,-0.211,1.656,-0.044,-1.835,-2.275,0.384,0.105,1.220,-0.724,1.330,0.047,-0.291,-0.296,-0.663,-0.520,0.078,1.563,128,77,51,46,35,19,27,50,6,33,20,25,29,15,89,4,7,5,11,9,11,11,11,11,11,11,11,9,11,11,10,11,1,11,10
103,s031,33,5,0,5,-0.242,0.883,0.730,-0.611,0.678,0.548,0.591,1.213,0.931,0.223,1.058,-1.327,-0.104,0.311,0.001,0.248,0.616,44,30,14,16,27,14,4,25,6,26,24,20,30,22,96,3,3,2,3,2,2,7,3,3,2,2,4,3,6,7,2,2,2,1,5
104,s350,38,5,1,4,-0.184,-1.167,1.093,-1.565,0.332,-0.946,-0.123,-0.914,-0.038,0.868,0.233,0.177,1.245,0.004,0.253,1.422,1.004,84,52,32,35,20,16,19,30,3,42,16,16,23,15,70,3,5,4,4,3,7,3,8,4,9,10,9,9,10,8,5,9,4,3,5
105,s190,32,5,0,3,1.187,-0.399,-2.302,0.777,-1.296,0.106,0.367,-0.935,-1.405,1.313,-1.720,0.005,-0.283,-0.792,-0.776,-0.279,0.802,74,46,28,23,16,10,4,39,1,16,20,22,30,26,98,2,1,1,3,3,3,7,4,2,9,7,10,10,10,6,9,3,3,4,2
106,s445,31,5,0,2,0.968,1.545,0.846,-1.082,-1.456,-0.219,-1.141,0.101,-0.185,-0.154,0.184,-1.148,-0.295,0.693,-0.416,0.290,1.372,96,55,41,33,25,5,5,27,8,17,25,25,30,26,106,3,6,4,5,7,9,8,8,10,9,8,9,6,9,8,7,2,2,8,9
107,s201,50,5,1,3,0.604,-0.257,0.807,0.667,-0.498,0.596,1.124,1.419,-1.208,0.133,0.720,0.839,0.129,-1.446,0.908,-0.531,0.333,80,46,34,17,29,7,5,24,2,31,21,21,29,19,90,1,1,1,8,5,7,5,1,4,5,7,8,10,11,9,1,7,3,2,7
108,s030,30,5,0,3,-0.802,0.800,-2.386,0.716,-1.462,0.919,-0.212,-0.144,1.156,0.129,-0.143,-0.245,0.035,2.217,-0.686,1.671,-0.554,79,42,37,42,23,23,27,35,4,37,18,19,21,21,79,1,1,1,4,9,6,8,1,6,7,6,8,8,9,7,6,11,4,8,10
109,s455,26,2,0,2,-1.113,-1.061,-0.607,-0.070,0.614,-0.891,-0.008,-0.820,-0.134,-0.417,0.036,-0.559,-0.185,-0.401,-1.409,0.768,-0.877,109,67,42,26,24,11,7,39,6,33,9,24,28,24,85,1,1,1,10,4,11,9,8,10,11,10,9,8,11,8,3,8,2,11,9
110,s198,29,2,1,2,-0.061,0.211,-0.628,1.251,0.970,1.488,-0.449,0.689,0.982,0.545,0.063,-0.289,-0.519,0.606,-0.247,0.810,0.523,62,33,29,21,19,13,10,25,4,24,20,20,24,24,88,1,1,1,4,5,4,5,4,6,6,4,8,6,6,4,4,3,3,1,5
111,s465,48,5,1,3,-0.266,-0.093,1.865,1.730,-0.632,1.664,0.751,-0.033,-0.786,0.665,0.780,-0.602,0.650,-1.865,0.412,0.831,1.362,97,68,29,39,34,19,10,34,11,37,22,24,30,18,94,5,6,4,11,3,6,8,10,2,10,9,9,9,10,10,2,11,2,8,5
112,s553,47,5,0,4,1.274,-1.870,0.325,-0.849,-0.464,-1.199,1.033,0.531,-0.154,1.261,0.501,-1.268,0.545,-0.391,-0.683,0.698,-0.269,92,59,33,42,32,8,4,40,8,44,24,22,29,13,88,5,6,4,3,6,6,10,11,7,6,11,6,8,11,7,5,2,1,10,5
113,s484, ,2,0,2,-0.666,-1.917,2.361,0.542,-0.427,-1.307,-0.034,-0.152,1.321,1.128,-0.979,1.326,-1.040,-1.363,-0.833,0.048,1.484,73,45,28,21,14,12,4,17,4,32,21,25,30,22,98,4,6,3,5,2,6,7,9,3,6,4,10,7,11,3,3,6,3,5,6
114,s056,51,3,0,3,0.742,-1.417,0.295,-0.499,0.115,0.344,0.996,-0.500,-1.957,1.254,-1.597,0.314,-1.187,-0.624,-0.234,-0.459,0.439,105,62,43,16,29,6,4,34,6,19,23,25,30,28,106,3,2,3,2,4,11,11,6,8,11,11,11,9,11,10,1,4,1,1,6
115,s533,30,3,0,3,0.224,1.261,-0.264,0.212,-1.185,0.103,1.053,1.217,-0.727,-0.623,0.447,-2.022,-1.717,0.843,0.765,0.043,-1.369,73,28,45,37,12,5,15,42,0,30,25,25,30,20,100,1,1,1,7,8,11,8,2,8,1,1,9,9,7,2,8,2,4,3,7
116,s018,36,7,0,3,-0.814,1.332,0.255,-0.499,0.898,-0.587,0.107,0.822,-0.150,0.113,-1.396,-0.643,1.261,1.788,-1.575,-0.366,-1.005,84,48,36,36,29,9,5,47,8,22,20,20,24,19,83,1,1,1,4,4,8,8,1,6,7,8,11,7,9,11,1,1,1,4,5
117,s373,29,5,0,1,-1.285,-0.221,0.837,0.316,1.318,0.508,-1.354,-1.506,0.832,0.012,-0.057,0.168,2.262,0.896,-0.928,0.303,-0.922,123,68,55,21,5,5,34,11,1,36,16,22,25,14,77,1,1,1,11,11,11,11,2,11,11,11,11,11,11,11,11,9,1,11,11
118,s413,36,6,0,4,-0.071,1.752,0.282,-1.237,-1.602,-0.471,1.311,1.834,-0.899,1.067,0.596,0.376,-1.385,-0.633,0.684,1.038,0.144,84,46,38,27,30,19,17,42,5,17,25,23,30,24,102,1,6,2,5,9,9,8,2,1,8,6,10,9,10,7,1,4,2,1,4
119,s376,41,5,0,3,0.927,-0.276,-0.153,-0.501,-1.211,-0.216,0.039,0.032,0.083,-0.110,-0.385,0.528,0.154,1.824,-1.467,0.679,-0.032,96,60,36,30,25,19,20,39,8,31,19,20,24,20,83,4,5,3,10,6,7,8,9,6,8,7,8,9,9,9,4,5,3,8,6
120,s424,42,6,1,2,1.577,1.342,-0.517,-1.198,-0.405,-0.979,0.278,-0.006,0.764,0.848,-1.490,0.778,-0.156,-0.846,0.014,-0.383,0.853,54,38,16,16,13,7,4,17,3,24,20,21,24,24,89,5,6,5,6,1,6,6,6,1,6,2,6,2,6,6,1,6,1,1,1
121,s233,44,3,1,2,-0.084,-0.696,1.142,-0.094,-0.873,-1.696,-0.344,-3.299,0.109,-0.109,-0.954,0.400,0.933,1.276,1.140,-1.154,-1.648,34,17,17,13,5,5,6,18,7,25,11,19,22,21,73,1,1,1,5,3,2,5,1,1,1,1,8,3,3,1,1,1,1,1,5
122,s090,44,4,1,2,0.045,-1.865,0.680,-0.346,1.642,-1.268,1.564,0.203,-1.608,0.950,0.747,0.713,-1.564,-0.277,1.495,-2.076,0.872,65,32,33,23,10,10,4,16,12,36,16,17,29,14,76,1,1,1,3,8,8,6,1,1,6,5,10,6,8,3,6,2,6,1,4
123,s163,46,5,0,5,-0.444,0.339,-0.450,-0.198,-1.458,-0.752,1.727,2.482,-0.542,-0.350,-2.635,1.626,-1.632,-1.526,-0.022,-1.102,-0.551,43,21,22,15,17,6,4,46,4,19,25,25,30,16,96,1,1,1,6,3,2,6,1,6,1,1,6,5,1,5,1,1,1,1,3
124,s084,49,4,0,4,-0.608,-1.869,-1.020,-1.781,1.329,0.515,1.064,-0.241,1.101,1.206,0.531,-0.290,1.363,-1.744,0.270,0.234,1.223,100,71,29,43,35,5,4,46,6,34,19,20,27,20,86,2,6,4,5,5,1,11,11,1,11,11,11,11,11,11,6,1,1,1,11
125,s278,40,4,1,2,0.455,-1.246,0.568,-2.211,0.356,-1.060,0.092,-2.756,0.121,-0.782,0.736,1.365,-0.634,0.532,0.973,0.239,-0.019,91,52,39,21,26,5,4,25,9,47,5,18,24,11,58,1,1,1,1,9,6,9,1,10,11,11,8,6,11,8,6,1,2,8,9
126,s334,35,4,1,4,-1.100,0.044,-0.180,0.567,-2.057,0.801,-0.594,1.386,0.152,0.637,-0.573,-1.145,-1.385,0.219,-0.223,-0.218,0.711,77,41,36,20,11,5,15,39,4,34,20,20,24,24,88,1,1,1,6,4,8,4,3,8,8,8,10,6,8,4,4,4,5,3,3
127,s260,41,5,1,4,-0.353,0.170,-1.394,0.423,-2.021,0.517,0.601,-0.496,-0.795,0.575,-0.576,-0.796,0.617,-0.749,-2.160,-0.396,-1.319,80,56,24,22,14,11,23,35,9,42,12,20,22,22,76,2,1,1,11,4,6,6,4,1,10,8,8,5,11,6,4,11,6,3,9
128,s410,28,4,1,1,0.093,-0.594,-0.196,-0.805,0.021,-1.032,-0.811,-2.530,-0.357,0.712,-0.099,-0.128,-0.537,-0.479,0.431,-1.603,0.890,86,50,36,25,18,10,4,19,5,30,25,25,30,30,110,1,1,1,11,6,6,9,1,9,9,8,9,6,6,6,2,4,6,9,8
129,s401,28,4,1,3,-1.059,-0.142,-1.578,0.705,0.334,0.948,-1.483,-0.788,0.749,-0.251,-0.749,-0.569,0.764,-0.316,-0.003,1.092,-0.819,52,23,29,28,17,5,4,18,2,21,25,21,28,30,104,1,1,1,3,9,4,5,3,7,1,1,6,3,5,5,4,1,7,1,1
130,s109,28,6,0,3,-2.083,0.324,1.347,0.762,-0.465,1.674,-0.948,0.628,-0.104,0.291,-0.951,0.685,0.842,-0.345,-0.491,-0.171,1.111,99,64,35,19,19,7,4,26,4,30,23,24,30,27,104,5,7,5,11,2,11,9,9,3,6,7,11,8,11,11,2,1,2,1,5
131,s213,46,4,1,2,0.547,-0.124,0.000,0.024,1.739,-0.861,1.454,1.772,-0.758,0.733,0.585,-0.627,-1.510,-1.015,-0.660,-0.669,1.496,83,57,26,36,35,5,4,43,11,21,25,24,30,23,102,1,1,1,6,2,3,11,1,8,7,10,9,4,11,11,1,1,4,10,10
132,s479,60,5,1,3,1.531,-0.806,0.049,2.530,-0.317,0.000,1.691,1.433,-0.856,0.528,0.847,1.731,-1.353,-1.437,-0.404,-1.355,0.592,122,72,50,38,35,17,5,39,8,35,15,21,29,18,83,2,6,5,7,10,11,11,10,11,11,11,10,8,11,11,7,7,1,10,11
133,s145,27,2,0,2,-0.871,-1.006,-0.367,-1.171,0.642,-1.213,-0.641,-2.144,-0.809,-0.783,-0.176,1.416,0.291,0.785,-1.178,0.698,0.908,54,29,25,18,22,18,4,17,3,33,16,19,24,15,74,1,2,2,6,2,10,6,3,1,1,2,6,6,3,8,2,1,1,1,1
134,s486,52,7,0,4,0.611,1.042,0.865,1.790,0.273,2.442,-0.239,1.989,0.954,-0.363,1.109,0.737,-1.386,1.464,1.017,2.458,0.940,63,39,24,9,7,8,4,13,1,25,23,24,28,13,88,3,6,5,7,2,4,7,7,8,7,4,8,2,6,1,2,7,6,1,1
135,s276,41,5,0,4,1.171,-0.775,-1.562,-0.426,0.582,1.221,1.140,0.638,-1.068,0.967,0.529,0.087,0.736,-0.906,0.212,0.475,-0.662,93,55,38,26,28,9,31,16,3,24,23,17,28,20,88,1,1,1,6,10,9,8,6,1,10,9,11,7,10,6,2,6,2,1,8
136,s375,50,5,0,4,0.042,-0.563,1.196,1.422,0.030,0.521,0.006,0.329,0.512,-0.833,0.025,-0.186,-0.306,-0.701,-0.669,-0.033,-0.924,97,61,36,35,25,13,22,32,7,38,23,23,28,17,91,2,2,2,8,6,8,9,6,6,10,9,10,6,10,9,3,3,1,8,9
137,s254,56,4,1,3,1.098,-0.750,-0.610,1.088,-0.815,-1.609,-0.261,-1.823,1.119,1.420,1.297,1.819,1.194,-0.824,-1.570,-1.366,1.084,96,62,34,24,25,5,8,23,7,36,11,20,25,15,71,1,7,2,6,6,8,10,6,1,10,10,10,9,11,9,1,2,2,1,7
138,s286,34,5,0,2,-1.159,-0.937,0.774,0.631,-1.195,0.617,0.969,0.460,-0.744,1.286,-0.003,0.642,-1.178,-0.284,-0.550,-0.235,1.484,77,46,31,13,23,8,6,25,2,19,17,18,26,26,87,5,6,3,3,2,10,5,9,1,6,6,11,7,8,9,1,1,1,2,1
139,s209,44,3,0,1,0.021,0.361,1.196,-0.796,1.469,-1.406,1.532,1.013,-0.649,0.862,-0.554,0.740,-1.335,-1.322,0.228,-1.032,-0.437,78,38,40,26,18,12,4,33,5,26,25,20,30,19,94,1,1,1,6,8,9,6,6,7,6,4,8,8,4,6,6,6,3,7,7
140,s494,58,5,0,4,1.855,-0.577,0.459,1.557,-0.398,-0.679,1.528,1.526,-0.967,0.780,1.214,1.547,-1.242,-1.278,-0.166,-1.335,0.884,121,71,50,29,33,17,6,36,6,27,13,21,29,21,84,3,6,4,6,11,11,11,10,11,11,11,11,6,11,11,9,2,1,10,10
141,s560,25,5,0,2,0.923,0.649,0.180,1.718,-0.040,1.356,-1.753,-1.917,2.693,-1.382,1.898,-1.151,-0.001,1.656,0.375,1.631,-1.018,46,30,16,17,14,10,10,37,3,28,12,19,28,8,67,4,5,3,3,1,2,3,7,3,6,3,6,4,4,4,1,3,3,1,1
142,s250,33,4,1,3,1.160,-1.063,0.079,-1.537,-0.561,-0.349,1.868,0.497,-1.371,0.929,-0.330,-0.452,-1.666,-0.294,0.672,-0.011,1.751,44,15,29,14,8,5,6,17,2,33,25,20,22,24,91,1,1,1,1,4,10,1,1,1,6,1,8,6,4,1,2,2,2,1,2
143,s256,28,5,1,3,0.502,0.563,-1.153,0.797,0.354,1.432,1.303,-0.342,-1.337,-0.876,-0.606,1.065,0.598,-0.808,1.055,-2.115,1.822,52,27,25,9,26,5,4,14,0,20,25,25,30,27,107,1,2,1,1,1,6,6,1,1,1,1,11,6,6,11,1,1,1,1,1
144,s206,30,5,1,3,-1.078,0.557,-0.735,-0.899,-0.255,-0.732,1.326,1.302,-1.262,1.461,-0.429,0.078,-0.406,-0.298,0.569,-0.296,1.606,80,52,28,29,19,7,8,37,10,62,9,5,10,6,30,1,1,1,11,4,10,2,2,1,11,11,10,3,11,4,1,11,6,2,11
145,s308,35,5,0,4,0.666,0.800,-0.709,0.524,-0.050,0.799,0.968,2.368,0.344,0.792,1.311,0.579,-0.796,-0.960,0.878,-0.144,-0.723,69,33,36,17,25,14,9,43,4,24,25,25,29,23,102,1,1,1,6,4,8,9,1,9,1,2,9,6,6,8,1,1,1,1,3
146,s079,30,5,0,3,-1.256,-1.776,0.155,-1.061,1.143,-0.909,-0.748,1.232,0.208,1.494,1.529,1.206,-0.524,-1.176,0.188,0.668,0.908,97,61,36,34,35,10,14,41,5,27,25,25,29,20,99,2,2,1,6,6,8,11,5,5,11,6,11,6,11,11,1,6,1,1,5
147,s457,59,5,1,3,2.585,-0.759,-0.652,0.257,-1.967,-0.085,1.386,1.213,1.043,0.454,1.295,-1.941,-1.460,-1.191,1.545,-0.098,0.430,44,28,16,17,15,6,5,28,5,30,24,22,28,19,93,1,1,1,2,2,2,3,5,2,5,5,5,5,5,3,1,1,1,1,2
148,s093,39,5,0,3,-0.175,1.070,-0.003,0.358,0.811,0.447,0.392,-1.199,-1.216,-0.911,-0.453,-0.767,1.213,0.509,-1.370,-0.785,-0.412,56,32,24,19,17,10,6,22,5,29,10,19,24,21,74,1,1,1,1,1,8,7,1,3,6,4,11,1,7,6,1,1,1,1,3
149,s391,35,2,0,1,-0.593,0.849,-1.403,-0.843,-0.663,-0.737,-0.107,-1.654,-0.869,0.684,1.515,0.440,1.286,0.369,0.924,0.407,-0.392,19,9,10,11,11,11,4,18,1,16,9,25,30,21,85,1,1,1,1,1,1,1,1,1,3,1,4,3,1,1,1,1,3,1,1
150,s481,31,6,1,2,-0.075,0.778,-0.553,0.012,-1.138,-0.227,-1.066,-1.568,0.261,-1.444,-1.705,-0.362,1.457,1.657,0.023,0.541,-1.334,48,26,22,16,23,7,9,19,3,34,10,19,23,14,66,1,1,1,6,4,5,2,4,3,3,2,6,4,6,3,1,2,3,1,3
151,s154,49,5,0,5,-0.116,1.543,0.479,0.757,-1.818,-0.150,-0.726,1.158,1.095,-1.551,0.148,-1.282,-0.302,0.212,-0.324,0.412,-0.959,103,52,51,36,26,13,25,39,5,28,20,20,24,23,87,2,2,1,2,9,11,10,6,11,5,8,11,9,10,11,10,6,5,10,9
152,s156,40,3,0,4,0.028,-0.912,0.177,-1.322,0.407,2.341,0.316,1.308,-1.051,1.015,-0.369,-0.298,-1.394,0.196,1.168,0.560,0.047,67,32,35,21,12,18,15,16,3,35,25,24,28,20,97,1,1,1,4,4,8,6,1,6,10,2,11,6,8,1,2,2,1,1,7
153,s450,38,4,1,2,0.986,1.630,0.312,0.366,1.295,0.628,0.390,-1.358,-0.465,0.438,0.364,1.287,0.533,-0.748,-0.488,-0.163,-0.897,96,59,37,40,31,19,9,43,5,45,10,19,25,17,71,2,4,2,5,4,6,9,7,8,10,9,9,10,10,9,3,6,2,5,8
154,s123,27,4,0,2,-1.231,-1.095,-1.358,-2.447,0.855,0.525,-0.474,-0.523,0.069,0.914,-0.267,-2.300,0.390,0.573,-0.355,0.137,-0.203,115,70,45,30,30,18,25,42,8,38,25,20,25,12,82,1,3,2,11,5,9,11,9,11,9,10,10,10,11,9,9,7,1,10,7
155,s151,36,2,0,1,0.596,0.472,-0.492,-1.639,1.267,-1.073,0.350,-1.017,0.281,-0.552,1.218,1.607,1.143,0.521,-0.048,1.077,-0.623,54,27,27,26,33,9,4,45,2,31,12,24,23,10,69,1,2,1,1,9,6,6,2,2,3,3,6,4,6,6,3,1,1,8,1
156,s021,42,2,1,2,-1.347,-1.318,1.148,0.554,1.366,1.159,-0.713,-0.011,1.102,-0.132,-0.014,-0.320,0.545,-1.227,0.097,-1.634,1.417,117,72,45,51,29,24,31,43,10,56,14,17,22,14,67,3,5,4,11,6,6,11,11,11,11,11,11,11,11,6,1,11,1,11,11
157,s353,28,2,1,2,-1.076,-2.523,-0.169,0.277,1.409,-0.577,0.176,0.124,1.696,-0.606,0.488,-2.350,-1.256,-1.878,-1.597,-0.484,-1.017,58,36,22,36,15,25,22,32,4,47,10,20,24,14,68,2,3,3,10,7,2,7,8,7,3,3,3,3,2,3,10,10,6,3,3
158,s001,29,5,1,3,-1.731,-0.993,-0.120,0.200,1.558,1.476,1.229,0.591,0.323,-0.157,-0.093,-0.121,-1.094,0.608,-0.368,0.833,-0.577,59,34,25,26,30,5,18,27,2,22,23,18,27,22,90,1,1,1,6,4,4,3,1,4,6,6,9,4,6,6,4,6,8,2,3
159,s147,32,2,1,4,-1.124,0.952,-0.652,0.074,0.398,-1.421,1.003,0.033,0.245,0.553,0.276,0.224,1.181,0.147,-1.352,0.784,-0.492,45,23,22,21,22,8,6,22,3,39,8,20,22,16,66,1,1,1,1,2,5,4,1,5,3,2,7,3,6,6,1,3,2,1,3
160,s408,50,3,1,2,-0.070,-1.190,0.236,-0.015,-0.576,-0.454,-0.154,-2.509,1.943,-2.613,-0.424,1.031,-0.120,-0.897,-0.897,-1.497,-0.290,90,60,30,17,28,5,4,25,4,31,5,20,21,17,63,3,6,4,1,1,9,9,11,1,6,11,11,8,11,11,6,1,1,10,11
161,s082,32,2,0,2,1.358,0.653,-0.802,1.709,-0.171,-1.366,1.388,1.005,-0.663,-1.460,-2.687,-0.311,-1.053,-0.250,-0.715,-0.006,-1.182,23,12,11,14,6,6,4,12,4,41,17,23,12,17,69,1,1,1,3,4,1,2,1,1,2,1,2,3,2,1,4,1,3,1,3
162,s436,34,2,1,4,-0.112,-1.450,0.873,0.387,1.436,-1.416,-0.814,-0.992,-1.599,1.844,-1.479,1.945,0.142,-0.748,-2.208,-1.279,1.018,108,73,35,40,35,5,10,26,12,45,6,20,24,18,68,6,7,5,11,1,8,9,11,9,11,11,9,8,11,9,7,11,1,11,9
163,s271,25,3,0,2,1.517,1.969,-0.635,-1.565,0.507,-1.165,0.711,0.677,0.182,0.615,-0.401,-2.601,-0.877,-0.559,-2.120,-0.427,-0.437,74,40,34,38,23,7,14,42,7,44,25,17,21,17,80,1,1,1,6,8,6,6,3,6,6,6,6,8,6,7,6,3,4,6,9
164,s136,46,5,0,4,0.941,0.307,-0.784,1.291,-0.277,-1.345,0.204,0.979,-0.106,0.818,-0.799,0.286,-0.690,-1.035,-1.459,0.570,-0.381,83,44,39,28,20,14,17,26,3,34,21,24,25,18,88,1,1,1,6,10,9,3,1,1,8,8,9,10,11,7,9,7,3,7,6
165,s157,51,5,0,4,0.457,-0.973,1.959,1.034,0.518,1.572,0.653,0.566,0.392,0.692,0.801,0.953,0.039,-0.517,0.861,2.166,0.416,82,38,44,28,31,20,10,41,2,33,20,22,27,18,87,1,2,1,4,7,8,5,2,10,9,5,10,9,6,7,6,4,2,8,5
166,s528,45,4,1,2,1.176,0.573,1.825,0.700,0.186,-0.284,-0.073,0.203,0.423,-0.518,0.222,-0.338,1.232,-0.633,-0.586,1.786,0.657,56,38,18,12,19,11,4,19,4,22,20,20,28,19,87,1,2,2,7,1,6,3,4,3,8,4,5,3,8,4,2,4,3,1,2
167,s344,32,5,0,4,-0.826,-0.024,-0.654,-1.437,-0.503,-0.057,-0.355,0.567,-0.131,-0.602,-0.367,-0.239,-0.190,1.408,1.000,0.578,-1.472,47,20,27,14,9,9,20,29,2,25,18,20,21,22,81,1,1,1,1,2,3,2,3,5,4,3,10,7,6,1,1,1,1,1,2
168,s078,61,3,0,2,0.898,-1.407,1.446,1.960,-0.428,-0.577,0.679,0.379,-1.147,1.017,-1.399,0.886,-0.462,-0.077,0.213,-0.246,-0.745,99,53,46,17,30,8,40,34,9,31,23,25,27,19,94,1,1,1,1,9,11,11,2,6,10,9,11,9,10,10,5,11,6,10,11
169,s428,55,6,1,5,-0.095,-0.283,-0.937,1.118,-1.368,-0.939,0.674,0.420,0.631,0.426,-0.531,0.376,-0.356,-0.854,-1.314,1.266,0.523,64,36,28,33,25,10,23,36,6,36,17,18,20,19,74,1,1,1,4,5,6,5,4,4,5,6,6,7,6,6,6,4,3,6,6
170,s323,36,2,0,3,1.811,0.378,-0.704,0.891,-1.415,1.002,0.510,0.172,-0.829,1.591,-0.723,-1.119,-0.259,0.359,0.223,-1.604,1.141,69,34,35,22,22,12,4,19,3,14,25,25,30,29,109,1,1,1,3,5,6,9,4,8,1,1,10,6,7,9,1,1,1,1,1
171,s087,60,5,1,2,1.439,-0.795,2.436,0.318,1.293,-1.222,-0.662,-2.255,-0.792,0.482,-0.127,1.416,0.781,0.544,0.250,-0.826,-0.098,100,64,36,45,30,23,28,36,4,30,15,22,30,20,87,2,3,2,11,1,11,6,6,6,9,10,10,8,11,11,3,6,1,9,5
172,s491,46,4,1,4,-1.010,-1.316,1.612,0.001,0.689,-0.955,1.166,-0.221,0.099,0.125,0.355,1.473,1.033,-1.464,-1.148,-1.217,-0.862,57,44,13,32,22,22,4,13,7,18,21,8,30,19,78,1,3,1,11,1,4,8,6,1,6,1,6,1,6,6,1,1,1,1,1
173,s554,26,5,1,4,-0.860,0.786,0.831,0.037,-1.036,0.400,-2.156,0.095,-0.742,0.916,-1.133,0.051,1.166,1.093,0.404,1.069,1.689,52,22,30,17,14,5,11,28,3,34,22,21,27,25,95,1,1,1,6,5,6,3,3,4,1,2,8,7,3,4,3,1,3,1,5
174,s216,49,5,1,3,-0.541,-0.521,1.663,0.441,1.675,-0.919,0.358,-1.883,-1.220,1.316,-2.500,0.592,2.360,1.123,-2.399,-1.716,-0.221,121,73,48,50,35,20,14,42,8,28,10,25,29,22,86,5,5,3,9,7,10,11,9,11,11,11,10,10,11,11,11,11,8,11,11
175,s162,28,2,0,3,-0.398,0.805,-1.152,-0.068,-0.906,1.345,-1.770,1.293,2.775,-0.338,0.864,-2.642,-0.120,-0.614,0.147,1.955,-1.736,49,21,28,49,16,17,32,38,1,42,23,18,24,14,79,1,1,1,2,5,5,6,1,6,3,2,6,6,3,4,3,3,5,1,4
176,s458,30,3,1,1,1.130,1.248,-0.985,-0.988,-0.120,-0.195,-0.994,-1.571,2.480,-3.084,-0.567,-0.522,0.926,0.457,-0.658,-1.049,0.190,77,45,32,25,22,16,22,25,6,41,7,20,16,15,58,3,2,2,1,3,11,10,6,2,6,6,10,6,6,10,6,1,3,1,8
177,s053,47,3,0,4,1.307,1.498,0.595,-0.360,-0.756,-1.380,-1.051,0.420,-0.011,-1.806,-1.123,-1.715,0.110,0.355,0.266,1.558,0.280,63,37,26,17,15,9,6,24,4,25,22,25,26,22,95,1,1,1,2,3,5,7,4,6,5,5,6,6,6,8,3,3,2,2,3
178,s529,46,5,1,2,-0.380,0.692,-0.918,-0.404,-1.499,0.345,-0.263,1.026,-0.181,-0.093,-0.072,-0.232,-0.543,-1.505,1.175,-0.430,0.589,82,53,29,21,24,11,9,32,4,31,18,20,25,17,80,4,5,3,10,5,6,6,8,5,8,6,7,6,8,7,4,5,2,1,5
179,s142,31,5,0,3,0.116,0.034,-0.202,-0.300,1.028,2.345,1.190,1.128,3.115,0.196,2.050,-0.602,0.771,1.429,0.765,-0.941,0.830,28,16,12,35,18,22,4,25,2,11,11,15,17,20,63,1,1,1,2,3,3,2,2,1,2,2,2,3,2,4,2,2,2,2,2
180,s295,29,4,0,3,-1.647,-0.903,-0.401,0.063,0.116,-0.291,0.455,-0.387,-0.675,1.275,0.606,-0.743,-0.482,0.410,1.360,0.029,-1.710,66,31,35,34,21,12,4,43,0,21,25,25,30,19,99,1,1,1,1,3,11,10,1,11,1,1,6,4,11,6,7,1,1,6,5
181,s085,37,5,1,4,2.150,0.671,-1.125,1.501,0.997,1.622,-1.892,0.360,-0.566,-0.140,0.228,-0.268,-1.187,-0.776,0.312,0.161,0.451,126,73,53,38,33,14,34,39,10,42,25,16,19,19,79,1,4,2,11,11,11,10,8,11,11,11,11,9,11,11,11,10,4,11,11
182,s103,34,2,1,2,-0.065,-0.833,0.367,0.470,0.736,2.302,-0.600,-1.690,2.524,-1.568,0.798,0.482,0.007,1.442,0.774,0.336,-0.951,82,40,42,16,11,10,7,13,1,28,11,22,24,22,79,2,2,2,8,5,9,3,4,10,8,4,9,9,9,4,5,4,2,6,4
183,s541,34,5,1,2,-0.896,-0.872,-0.153,-1.457,0.233,-0.431,-0.075,0.931,0.940,1.021,-0.560,-0.172,-0.306,-1.933,-0.898,-0.144,0.097,72,46,26,18,25,6,4,28,12,27,21,20,25,21,87,1,6,2,6,2,6,10,2,6,6,6,6,6,10,6,2,1,6,2,3
184,s467,53,2,1,3,0.716,-1.595,0.216,0.407,1.721,-0.493,1.123,1.268,0.793,0.203,-1.267,0.155,0.004,-0.932,-2.112,-1.061,0.526,85,54,31,32,28,8,19,45,12,31,20,19,24,24,87,1,1,1,4,4,6,7,7,7,8,8,7,7,10,10,6,5,4,3,4
185,s327,28,2,1,4,-1.180,-1.122,-1.445,-1.151,1.192,0.458,0.263,-0.264,-0.653,0.071,1.996,0.305,0.962,-0.259,1.911,0.470,0.945,80,55,25,23,28,15,4,24,4,24,21,24,28,22,95,1,1,1,1,2,6,7,5,7,11,10,9,1,10,11,1,1,1,6,3
186,s544,44,5,1,3,-0.948,-1.295,1.402,0.301,0.093,1.681,-0.082,-0.080,0.306,-0.267,1.337,1.999,1.449,0.520,-0.197,-1.145,1.926,125,77,48,44,35,25,23,48,4,42,14,20,26,10,70,3,7,5,11,6,11,11,11,9,11,11,11,11,11,11,9,11,1,11,7
187,s146,51,3,1,4,0.078,-1.646,-0.385,0.426,0.055,-1.418,-0.350,-1.343,0.710,-0.195,-1.007,-1.048,0.200,-0.304,-0.542,-0.206,1.465,115,64,51,38,35,12,22,33,6,29,20,20,24,24,88,1,2,1,4,7,11,11,6,11,11,10,11,11,11,11,11,1,1,11,10
188,s469,45,5,1,2,1.542,-0.848,-0.339,0.155,1.405,0.442,0.582,0.710,0.716,0.370,-0.286,-0.644,-0.778,0.390,0.010,-0.754,0.251,91,52,39,39,33,23,4,42,5,29,17,18,25,16,76,1,1,1,1,6,8,10,1,11,10,10,11,3,9,11,5,1,1,8,8
189,s121,39,2,1,2,-0.710,0.588,0.649,-0.713,-2.151,-1.521,-0.740,0.000,0.386,-0.462,-1.528,-1.164,-0.231,-1.109,-1.614,0.065,0.030,82,46,36,28,17,8,8,26,5,27,19,20,24,23,86,1,1,1,5,6,8,8,3,5,6,8,11,6,9,7,2,2,2,6,5
190,s177,40,4,0,1,0.098,-1.185,-0.199,0.019,-0.224,-1.496,-1.886,-1.090,0.233,-2.308,-1.455,1.362,0.892,-1.159,0.109,-1.233,-1.151,26,14,12,11,7,7,4,14,2,26,16,23,18,18,75,1,1,1,1,3,1,2,1,1,1,1,6,1,6,2,1,1,1,1,1
191,s477,34,2,0,2,-0.024,-1.552,-1.257,-0.921,-1.603,-0.036,-2.248,-2.950,1.357,-0.459,-0.465,1.127,0.321,1.234,-0.254,-1.072,-2.059,71,39,32,36,12,20,4,16,0,46,15,15,18,16,64,1,2,1,6,6,8,3,6,6,6,6,6,6,6,6,6,11,6,8,11
192,s422,38,5,0,4,1.638,1.241,-0.329,1.911,-1.788,-0.412,0.135,0.230,-0.167,1.061,-0.090,0.786,-0.586,0.196,-0.634,0.187,1.728,85,48,37,16,31,7,7,25,0,17,24,25,29,28,106,1,1,1,3,4,8,10,5,6,8,7,11,8,8,7,3,3,2,2,4
193,s482,43,5,1,1,0.935,-0.198,-1.280,0.850,0.674,0.927,-1.104,0.456,-1.201,-1.624,0.407,0.598,0.258,0.232,0.235,-1.584,-0.703,56,28,28,13,21,5,4,23,3,16,20,25,27,28,100,1,1,1,6,6,5,2,1,1,6,6,10,6,6,1,1,6,1,1,2
194,s255,39,2,0,3,0.464,-0.961,-0.529,-1.041,-1.906,-0.017,1.366,1.735,-1.283,0.697,0.410,1.049,-1.649,-1.498,2.456,-0.790,-0.582,77,32,45,12,17,5,4,36,0,15,25,23,30,25,103,1,1,1,1,6,11,6,1,6,6,6,11,11,6,6,1,6,1,1,1
195,s098,28,6,0,3,-1.115,0.653,1.032,0.391,-1.268,2.380,0.263,1.064,0.319,-1.189,-0.147,0.397,-1.576,-0.671,1.276,-0.089,1.612,36,19,17,14,5,5,4,10,2,11,19,25,30,30,104,4,7,4,6,1,6,1,3,3,1,1,4,3,6,1,1,1,5,1,1
196,s433,31,3,1,3,0.071,-0.857,-0.479,-0.272,1.719,0.382,-0.127,-1.971,0.543,-1.073,0.315,-1.553,1.435,-0.110,0.040,-0.908,-0.855,83,49,34,39,22,15,35,37,8,41,13,18,22,24,77,1,1,1,3,8,5,6,4,8,8,9,5,8,10,9,5,3,6,8,10
197,s092,36,3,1,1,0.707,0.735,-0.547,-0.230,-0.243,-0.530,-0.142,-1.316,-0.933,-1.043,-0.944,-1.992,0.969,-0.453,-0.924,-0.329,1.029,80,48,32,27,20,5,4,28,4,26,12,23,30,26,91,5,1,1,7,5,6,7,4,6,7,7,9,6,9,7,6,6,6,3,6
198,s526,32,2,0,4,-0.471,0.002,-0.886,-0.790,1.558,0.194,-1.260,0.024,2.897,-0.811,1.726,-2.145,0.419,0.215,1.101,0.319,-0.838,77,47,30,40,24,12,32,32,8,40,13,17,21,19,70,1,1,1,4,10,2,4,3,8,9,9,3,7,10,8,6,4,8,7,11
199,s425,36,3,1,1,1.832,0.643,-0.039,1.609,-1.780,-1.029,-0.641,-1.749,-0.653,-1.414,1.683,0.261,0.229,0.866,0.214,0.327,0.218,56,36,20,25,19,7,4,25,4,19,14,23,30,23,90,2,2,1,1,1,5,5,6,2,6,6,6,6,6,6,1,1,3,1,1
200,s297,43,3,1,4,0.778,-0.143,0.728,0.314,-1.784,-0.724,-0.818,-1.153,-0.405,1.026,1.613,0.687,1.270,-0.468,1.777,-0.463,0.657,67,36,31,16,32,7,4,21,2,20,22,25,30,23,100,1,1,1,1,3,1,7,4,8,7,6,11,8,6,5,1,1,1,1,1
201,s284,38,3,0,1,0.598,1.636,1.772,-0.003,-1.412,-0.626,-0.291,-0.139,-0.895,-0.888,-1.262,-1.477,-0.133,1.629,-0.708,1.343,0.306,83,47,36,34,21,16,19,30,5,35,19,24,27,18,88,1,1,1,2,2,7,8,5,7,8,7,11,9,9,8,1,2,3,6,7
202,s312,35,3,0,2,0.909,0.129,-1.420,0.037,0.178,-0.781,-1.702,-2.171,0.410,-1.507,-1.430,1.386,1.948,0.675,-0.483,0.122,-0.372,76,50,26,29,18,13,18,19,5,31,16,24,25,23,88,1,1,1,6,3,7,7,6,2,9,7,7,7,8,7,1,1,1,5,5
203,s067,40,2,1,2,0.818,-0.122,0.467,0.077,1.170,-0.998,0.217,0.977,0.450,-3.298,-0.462,-0.242,-1.218,2.075,-0.603,-1.570,-0.281,96,59,37,33,19,6,10,28,2,30,23,17,24,23,87,1,2,2,7,3,8,10,6,10,7,10,9,7,11,8,6,2,6,6,3
204,s038,34,4,1,1,1.720,1.135,0.203,-1.225,-2.234,-1.467,0.044,-1.552,-1.700,1.602,-1.250,-0.326,0.022,-0.006,-1.613,-0.245,0.702,44,28,16,20,9,5,4,19,3,22,14,25,30,22,91,1,1,1,6,4,2,3,1,1,5,2,7,2,5,6,1,1,1,1,3
205,s399, ,5,1,5,1.891,-0.275,2.519,0.437,-0.021,-0.570,0.986,0.222,-0.685,1.262,-2.331,0.410,-0.437,0.529,0.413,-0.706,-0.098,110,77,33,21,35,22,4,20,7,27,17,22,29,18,86,1,7,5,11,2,6,11,11,6,11,11,11,8,11,11,3,9,6,1,8
206,s274,43,6,0,2,1.625,1.884,0.245,2.015,-0.728,-0.363,-0.072,-0.110,-0.636,-0.855,-1.608,-0.357,-0.394,0.382,0.891,1.114,0.594,53,31,22,22,17,13,12,22,2,29,14,23,27,21,85,1,1,1,5,2,6,4,3,2,5,4,6,6,7,3,2,3,2,1,1
207,s113,26,5,1, ,1.055,1.427,0.049,-0.900,-0.161,-1.062,-0.436,-0.909,-0.161,-1.203,1.499,-0.906,-0.183,-1.573,0.394,-0.897,1.121,27,8,19,9,5,5,4,20,2,14,22,25,28,22,97,1,1,1,1,6,3,1,2,1,1,1,6,3,1,1,1,1,6,1,1
208,s379,33,2,1,4,0.633,-0.517,-0.825,0.996,0.067,0.383,0.393,0.072,-0.575,1.520,0.716,-0.264,0.340,0.838,0.762,0.647,0.071,97,58,39,41,30,29,26,46,7,31,19,20,24,20,83,2,5,3,5,8,6,10,7,10,8,8,8,7,10,10,6,5,4,9,10
209,s222,34,5,1,2,1.444,2.490,0.008,-1.058,-1.296,-0.521,-0.704,0.437,0.544,-0.876,-0.857,-1.372,1.945,-0.051,2.160,-0.251,0.981,41,18,23,15,18,5,15,36,0,19,20,24,30,23,97,1,1,1,1,4,4,2,3,1,2,2,11,3,7,1,2,1,2,1,3
210,s380,46,2,1,1,0.554,-0.915,-1.511,-0.117,-0.523,-0.819,1.553,-0.267,-1.010,-0.060,0.238,1.602,-0.055,-1.202,0.302,-0.109,1.459, , ,47,32,35,11,14,44,6,38,25,20,30,18,93,1,1,1,3,5,11,11,11,11,11,11,11,9, ,11,5,6,1,11,11
211,s343,22,5,1,2,-0.880,0.953,-0.860,-0.460,-0.929,-1.145,-1.892,-2.203,-0.611,-1.178,-0.701,-0.870,0.349,0.398,0.299,-0.124,0.094,26,11,15,18,9,9,4,17,0,18,9,24,27,24,84,1,1,1,2,1,2,2,1,3,1,1,4,5,2,2,1,1,6,1,2
212,s101,35,5,1,1,1.052,-0.104,0.088,1.315,0.376,0.922,0.068,0.329,1.029,0.271,1.142,-0.308,0.539,-1.094,1.243,0.407,1.004,60,39,21,22,26,10,10,24,6,30,19,24,28,24,95,2,1,1,2,3,3,7,1,2,10,5,7,6,9,5,2,2,2,1,4
213,s421,36,5,1,3,0.951,0.182,-0.524,0.040,0.631,-1.479,0.783,0.101,-0.896,1.261,-0.536,0.704,-1.507,-0.770,-1.008,-0.656,1.460,88,61,27,28,22,7,4,34,7,23,20,20,30,20,90,5,6,4,10,4,7,7,6,4,11,10,6,6,11,6,6,9,6,3,3
214,s415,40,3,1,2,1.293,0.132,0.043,0.507,1.405,1.467,1.307,0.125,-0.435,1.653,-1.355,0.331,-0.895,-0.073,0.961,-1.622,-0.871,132,77,55,51,35,13,34,46,10,58,25,5,16,8,54,6,7,5,11,11,11,11,11,11,11,11,11,11,11,11,11,6,3,11,11
215,s441,42,3,0,2,-0.411,-0.902,0.512,1.136,-0.276,0.684,-1.622,-0.875,1.148,-0.747,1.975,-1.690,0.028,-0.218,1.583,-0.565,-0.271,111,64,47,50,32,23,15,43,5,30,21,25,30,19,95,1,1,1,9,5,11,11,8,11,8,8,11,9,10,10,11,4,2,11,11
216,s189,31,3,1,2,-1.138,0.255,0.353,-0.998,0.739,0.047,-1.092,0.003,0.994,-1.311,-0.475,0.734,0.289,-0.270,-0.093,0.043,0.640,50,27,23,21,14,5,4,22,3,29,20,22,26,18,86,1,1,1,4,3,4,5,1,3,6,1,7,6,6,4,3,6,2,1,4
217,s226,32,5,1,2,1.009,0.086,-1.742,0.171,0.382,1.665,1.171,0.996,1.840,-1.017,2.155,0.293,-0.300,0.734,1.291,-1.213,-0.040,65,33,32,19,27,5,4,41,2,19,25,23,29,29,106,1,1,1,6,6,6,7,2,6,4,3,8,6,6,5,3,1,6,5,5
218,s522,28,5,1,2,1.236,0.158,-2.039,-1.572,-0.526,-0.296,-1.071,0.204,-1.258,0.227,-0.399,-1.317,-0.162,-0.188,1.867,0.062,-1.195,36,12,24,16,5,11,6,14,2,25,25,22,25,14,86,1,1,1,1,2,2,4,1,3,1,2,10,7,1,2,2,1,3,1,3
219,s429,27,2,0,1,0.000,-1.337,-1.556,-0.490,0.543,2.156,1.445,0.062,-2.251,0.514,1.016,1.149,1.011,1.622,0.233,1.602,-0.247,86,52,34,35,20,12,20,19,8,16,21,24,29,21,95,1,3,1,8,6,6,9,5,10,8,6,6,6,8,8,6,4,2,6,5
220,s341,33,3,1,3,-0.904,-1.021,2.089,0.436,0.342,-0.927,0.867,0.299,-1.043,0.642,-0.501,-0.071,0.609,-0.961,0.633,-0.520,-0.483,60,47,13,35,27,5,4,12,9,29,21,17,25,17,80,2,5,4,6,4,1,6,6,1,6,6,6,1,11,6,6,6,1,1,11
221,s435,55,6,1,1,0.431,-0.426,1.110,-0.790,-0.482,0.677,0.118,-0.176,-1.352,0.106,-0.042,2.015,-0.906,-0.837,1.397,0.337,1.123,91,54,37,25,35,14,4,26,2,18,25,25,30,23,103,1,5,1,6,5,7,11,6,6,6,8,11,8,10,7,1,1,1,6,6
222,s282,52,2,0,4,-1.021,-0.044,-0.500,-1.884,0.608,-0.472,0.730,-0.054,-1.372,1.010,-1.110,-2.415,-1.033,-0.516,-0.168,0.027,-1.960,64,43,21,19,27,16,11,28,3,22,25,22,25,27,99,4,3,2,4,1,5,6,5,5,9,4,7,3,5,10,1,1,2,6,4
223,s034,30,3,1,3,0.581,0.538,-0.602,-1.172,1.559,1.107,0.654,1.591,0.375,-0.327,-0.016,-0.191,0.413,-1.014,0.431,-1.445,-0.168,55,33,22,12,12,6,4,20,4,22,21,23,26,19,89,1,1,1,1,4,3,5,3,3,6,3,6,6,9,6,3,1,4,1,3
224,s071,43,3,1,4,-1.087,-0.319,0.824,1.381,0.573,0.548,0.760,0.661,0.311,0.618,-0.196,-0.454,-0.073,-0.989,0.400,1.327,1.252,65,38,27,17,25,10,6,40,4,23,21,21,26,22,90,1,2,1,4,4,6,6,2,2,6,6,7,8,6,8,5,2,2,6,6
225,s134,25,5,0,4,-1.979,-0.757,-0.161,-0.032,-1.702,-0.215,0.118,-0.666,0.349,-0.540,0.570,0.683,-0.106,-0.337,-0.117,-0.142,-0.015,36,21,15,13,14,8,4,15,0,24,18,25,30,26,99,1,1,1,1,1,3,1,4,1,1,3,6,4,10,1,1,1,2,1,2
226,s369,36,4,1,4,-0.430,-1.579,1.005,-0.241,1.315,0.357,0.350,-0.721,0.158,1.214,1.600,-0.209,-0.363,-0.992,1.435,1.343,-2.071,71,27,44,29,16,6,7,20,2,23,12,24,27,21,84,1,1,1,1,5,9,8,1,11,4,2,8,11,5,6,1,1,1,1,6
227,s238,26,2,1,4,-0.497,-0.462,2.062,0.283,0.863,-0.965,1.250,0.324,-0.023,0.701,0.301,1.358,-0.581,-1.374,-1.382,-1.814,-0.107,97,69,28,22,23,20,4,39,5,42,20,20,24,23,87,1,1,1,10,6,5,10,8,7,10,10,8,2,11,10,7,3,8,4,7
228,s016,22,3,1,1,-0.310,-0.615,-0.146,-1.933,-1.954,-1.366,-0.964,-0.493,-2.199,0.841,-0.179,1.610,-0.444,-0.888,-2.708,-1.361,-0.142,71,40,31,21,11,5,24,21,9,26,21,23,25,21,90,1,3,1,3,6,5,6,6,7,7,6,7,6,9,3,1,1,4,1,8
229,s418,23,3,1,1,0.118,1.605,0.353,-1.167,0.558,-0.874,-2.214,-1.062,-1.935,-0.455,-1.279,0.717,0.606,1.042,0.106,0.496,-0.954,38,19,19,12,10,10,4,12,0,28,9,24,24,26,83,1,1,1,3,3,3,1,4,1,1,1,11,1,8,1,1,1,6,1,1
230,s431,36,5,1,4,-0.260,0.065,-0.692,0.933,-0.377,-0.121,0.667,0.662,0.499,-0.434,0.910,0.589,0.369,-0.112,-0.499,-0.081,-0.055,74,40,34,29,20,11,17,36,6,35,20,20,24,18,82,2,2,1,5,8,5,6,6,8,5,5,6,7,6,7,6,2,4,5,4
231,s543,45,4,1,2,0.477,-1.548,0.690,0.779,-0.916,-0.790,-1.272,-1.172,1.026,-0.156,-0.056,0.172,1.757,0.066,0.432,-0.914,0.375,72,43,29,38,34,24,21,28,9,31,14,18,27,17,76,1,3,2,4,9,4,4,3,4,10,3,5,7,9,10,6,1,2,8,2
232,s015,29,2,0,2,0.029,0.817,-0.973,-0.413,0.940,1.401,0.963,1.841,0.289,0.382,0.305,1.214,-1.433,-1.251,0.028,-1.819,0.242,73,50,23,16,19,5,4,19,2,15,25,22,30,23,100,1,1,1,11,1,6,4,1,1,11,6,11,4,11,6,1,1,1,1,1
233,s493,38,5,1,2,-0.762,-0.474,0.887,1.687,0.052,-0.257,0.474,-0.772,0.115,0.772,-0.668,1.022,-1.052,-1.141,1.128,-0.081,0.728,56,30,26,15,21,5,4,17,2,17,22,20,26,23,91,1,1,1,6,6,4,3,2,6,6,4,6,4,6,3,1,1,3,1,1
234,s423,33,2,1,1,0.233,-0.113,-0.770,1.514,-0.717,-0.216,0.918,-1.975,1.745,0.226,-1.174,-0.993,-0.774,-0.203,-1.131,-1.062,0.032,73,41,32,33,24,11,17,27,7,37,21,19,25,19,84,1,1,1,6,7,7,6,6,6,4,6,6,6,6,7,6,4,2,6,7
235,s490,48,3,1,4,1.155,-0.405,-0.643,0.600,-0.612,0.059,1.067,-0.375,-1.508,0.749,0.132,-1.102,1.281,0.015,0.840,-0.673,1.927,88,57,31,32,25,5,4,23,5,15,25,25,30,30,110,2,6,4,6,3,6,9,6,7,11,8,6,9,11,6,6,1,2,1,7
236,s326,45,2,0,3,-1.326,0.361,0.160,1.354,-0.006,0.172,-0.318,0.151,-0.374,1.285,-0.554,-2.299,-0.066,0.602,0.869,0.010,-0.990,108,57,51,52,30,14,26,47,4,31,21,20,24,23,88,1,7,3,9,10,10,9,4,11,9,7,10,10,9,10,9,8,2,11,9
237,s397,43,3,0,2,0.658,1.018,-2.424,1.066,-1.487,-0.387,-0.925,0.194,-0.203,-2.251,-0.848,-0.784,0.391,-0.073,-0.734,0.040,-0.600,92,57,35,36,30,16,13,42,6,34,20,20,24,20,84,1,2,2,9,6,6,7,6,6,11,8,11,6,8,8,2,1,1,4,6
238,s185,37,6,0,5,-0.599,-1.446,-0.821,0.681,-1.355,0.461,0.415,1.223,0.676,-0.480,-0.197,-0.032,-1.879,-1.117,-1.493,-0.285,-0.912,117,67,50,63,35,31,30,34,9,39,25,17,23,14,79,3,4,3,1,6,11,11,11,11,11,11,11,11,11,11,11,6,1,11,11
239,s215,48,2,0,2,0.059,-1.591,0.805,-1.072,1.618,-1.193,1.362,0.958,0.364,-0.704,-1.679,-0.067,-1.081,-0.706,-0.685,-1.853,0.456,88,49,39,13,11,6,4,13,1,31,20,20,24,14,78,1,1,1,6,6,9,8,3,10,10,6,8,6,10,6,6,2,3,3,4
240,s472,51,2,1,2,-0.394,-1.367,0.918,-2.052,1.586,-1.568,1.201,0.241,-0.455,-1.045,-1.857,-0.393,-0.746,-0.933,0.159,-1.906,0.542,81,48,33,11,12,5,4,11,0,31,20,20,24,15,79,1,1,,6,6,9,8,4,6,9,6,6,6,9,6,6,4,6,2,4
241,s549,31,5,0,3,-0.043,0.529,-0.844,-1.713,-0.215,1.289,0.346,0.992,-0.391,0.543,1.289,-1.159,0.580,0.728,-0.031,2.032,0.454,47,29,18,23,11,16,4,9,1,31,20,20,24,18,82,2,2,1,5,3,3,4,3,1,6,4,7,4,4,3,1,1,4,1,4
242,s451,39,5,1,2,1.162,0.293,0.226,0.984,-1.058,-1.585,0.707,-0.019,-0.452,1.354,-1.357,-1.332,-1.436,-0.958,1.801,-0.128,0.623,37,17,20,12,13,6,4,15,6,14,21,25,28,27,101,1,1,1,1,2,4,1,2,1,4,1,7,6,5,3,6,1,2,1,1
243,s370,30,6,0,1,0.493,0.090,-0.320,-1.509,0.368,-0.586,0.236,0.920,-1.212,-0.517,-0.999,0.258,0.811,-0.497,-0.665,-0.335,1.014,40,24,16,13,14,5,5,19,4,18,25,22,29,21,97,1,1,1,2,1,1,4,1,5,6,3,7,2,5,3,1,2,2,1,2
244,s321,25,2,1,2,-0.593,-0.236,-1.315,-1.605,1.963,0.260,-0.463,-0.956,1.260,-1.598,0.477,-1.120,1.772,1.093,-0.216,-0.110,0.214,49,32,17,27,14,9,13,32,6,38,14,21,22,17,74,1,5,,8,4,4,4,4,3,6,4,3,3,3,3,6,6,6,6,3
245,s028,34,5,0,3,-0.349,0.514,-0.778,1.615,0.320,0.187,-1.230,-0.599,-0.298,-0.446,0.230,-0.893,0.982,0.519,-0.026,0.143,-0.936,88,49,39,31,27,15,15,27,6,37,11,20,23,18,72,1,2,2,6,6,8,8,4,7,6,9,9,9,8,8,2,6,4,8,7
246,s041,36,2,1,1,0.899,0.987,-0.895,1.710,-0.728,0.239,0.512,-1.230,-1.262,0.273,-0.262,-1.150,1.337,0.205,-1.775,-1.643,1.028,97,62,35,15,18,6,8,21,6,40,20,19,25,19,83,2,2,3,11,5,8,3,9,9,11,11,7,6,11,6,6,9,4,7,6
247,s294,26,4,1,1,0.949,0.219,-1.184,-1.302,0.501,-1.290,-1.792,-1.980,-0.381,0.082,0.281,-0.139,1.681,-1.035,-1.608,-0.866,0.001,39,19,20,20,15,5,4,38,4,29,14,21,24,24,83,2,2,2,2,1,6,5,3,2,1,1,6,5,2,5,6,1,1,1,1
248,s048,28,3,0,3,0.666,2.373,-1.303,0.635,-0.122,-0.902,-1.065,-0.626,-1.015,-2.418,-1.844,-0.893,-1.050,-0.405,0.309,-0.806,-0.832,52,18,34,10,5,5,4,12,2,30,25,24,29,16,94,1,1,1,3,6,7,2,1,7,1,3,6,8,6,2,1,1,3,1,1
249,s302,33,6,0,5,-0.479,0.255,-0.143,-0.033,-1.124,-1.623,-0.015,0.516,-0.567,2.018,0.304,-1.360,0.758,0.250,-0.079,0.725,0.519,51,34,17,23,12,7,8,19,3,39,18,20,26,12,76,1,1,1,4,4,4,4,2,1,9,3,5,3,10,2,2,3,2,1,1
250,s063,42,4,1,2,0.627,0.407,0.539,-0.303,1.211,-0.331,-0.588,-0.009,1.050,-1.099,0.593,0.786,0.245,0.518,0.883,0.245,-0.330,81,51,30,24,27,10,4,20,4,24,21,21,30,23,95,1,1,1,2,4,8,7,6,4,10,6,6,8,10,10,3,2,3,8,2
251,s252,34,2,0,3,0.752,0.911,-1.503,-1.638,0.454,-0.677,-0.122,-0.521,-1.151,0.625,-1.082,-1.716,-0.021,1.160,2.129,-0.843,-0.934,50,27,23,22,13,10,10,29,4,33,21,22,28,18,89,1,1,1,3,3,7,6,2,3,5,3,6,4,1,7,7,1,3,1,2
252,s542,44,3,0,2,-0.360,-0.979,-0.495,-0.785,1.370,-0.390,0.393,1.011,1.639,-0.562,-1.240,-1.401,-1.133,-0.432,0.374,-0.451,-0.486,82,48,34,45,23,20,30,44,5,31,19,20,23,22,84,,1,1,6,4,7,11,2,11,8,5,5,7,8,8,11,4,4,9,9
253,s212,34,5,1,3,-0.725,0.341,-0.993,1.355,-0.156,0.075,-0.394,-0.784,-0.919,-0.891,0.279,0.434,-0.934,-0.120,1.881,-1.474,0.789,16,9,7,18,10,6,6,15,0,31,19,24,26,17,86,1,1,1,1,1,1,1,1,1,2,1,3,1,2,1,1,1,1,1,1
254,s320,30,4,0,2,-1.380,-1.585,0.105,0.041,1.841,-1.156,-0.241,0.383,0.513,0.372,-0.324,-0.056,0.262,0.945,-0.840,0.055,-0.085,87,54,33,37,24,15,15,37,6,42,15,17,24,17,73,3,2,3,9,8,7,4,7,7,8,9,4,7,8,9,6,5,4,7,4
255,s057,31,4,1, ,-0.521,-1.974,0.380,-0.560,-0.735,-0.333,-1.716,0.201,-1.428,-0.311,1.456,1.764,-0.689,-0.213,1.425,-1.148,1.402,37,22,15,15,17,5,4,17,0,32,15,15,30,10,70,1,5,1,1,1,1,6,1,1,1,1,6,6,6,6,1,1,1,1,3
256,s165,33,5,0,2,0.940,-0.558,0.213,2.382,1.396,-1.130,0.663,1.276,-0.919,0.798,-0.828,0.530,-1.374,-0.731,-0.745,0.363,0.039,113,66,47,31,24,5,34,40,12,46,25,23,27,20,95,5,5,4,11,9,11,6,9,8,11,10,10,9,11,8,11,11,4,9,9
257,s307,31,5,0,4,0.379,0.225,-1.254,-0.604,0.846,1.293,0.131,1.253,-0.984,0.356,1.245,-0.393,-0.578,0.575,0.099,-0.595,-1.475,100,60,40,43,30,15,8,45,0,25,25,24,28,13,90,1,1,1,6,6,9,11,6,5,11,6,11,9,9,11,6,1,1,11,8
258,s161,33,3,1,2,-0.043,1.998,-0.446,0.254,-0.266,-0.718,-1.258,-1.408,-0.609,0.592,-0.187,0.109,0.567,-0.413,-0.657,-0.155,-0.489,57,27,30,30,24,6,6,23,3,23,21,23,30,21,95,1,1,1,3,3,6,5,3,9,1,3,7,5,6,6,6,1,7,6,5
259,s416,24,5,0,2,-1.281,1.058,1.631,-0.259,0.577,0.070,-1.431,-1.015,2.814,-2.768,1.518,-0.499,2.710,-0.055,1.515,-1.099,-0.918, ,23, ,15,5,5,4,8,0,16,25,21,30,26,102,1,1,1,3,3,1,1,5,7,6,1, ,1,6,1,4,1,6,1,1
260,s438,41,6,0,1,0.683,1.115,-0.213,0.166,-1.927,-0.480,-0.776,-1.966,-0.847,-1.988,-1.970,-0.917,0.487,0.832,-0.507,-0.028,-1.634,69,41,28,24,16,9,10,24,3,30,10,23,27,21,81,1,1,1,6,6,4,6,5,5,7,4,7,6,7,6,3,5,5,1,5
261,s468,27,6, ,2,-1.925,-0.529,-0.455,-0.680,-2.510,-0.569,0.531,1.140,-0.244,0.326,0.502,0.495,-1.580,0.504,0.295,-0.503,-0.323,20,8,12,21,15,7,6,32,1,32,21,18,23,16,78,1,1,1,1,2,3,1,1,1,1,1,3,3,1,2,2,1,1,1,1
262,s261,25,1,1,3,-2.051,-0.196,-0.542,0.075,1.107,-1.233,1.597,0.453,-1.454,0.083,-0.271,0.382,-0.946,0.888,-0.880,-1.035,1.726,77,48,29,10,5,5,4,12,4,30,25,20,27,23,95,1,7,4,6,3,9,6,10,3,10,6,8,6,9,1,3,6,3,1,3
263,s037, , , , ,-0.047,-1.375,1.120,-1.041,0.782,-1.565,0.627,1.058,-0.050,1.051,-0.279,-1.395,-0.722,-1.210,-0.618,-0.659,0.013,108,77,31,43,28,18,23,36,12,37,25,20,26,16,87,,,,11,6,8,11,11,6,11,11,6,5,11,11,6,1,3,9,9
264,s531,47,3,1,2,0.392,-0.597,0.306,0.133,-0.097,-0.406,-0.146,0.086,-1.253,1.030,-0.743,0.331,-0.627,-1.165,0.576,-1.060,0.481,114,67,47,39,35,20,17,38,1,37,20,24,30,25,99,3,1,1,8,9,11,9,6,9,11,11,9,9,11,11,7,6,5,11,11
265,s548,30,5, ,1,0.794,-1.521,-0.046,-1.788,0.982,0.209,-0.155,-0.386,-1.134,-0.864,-0.635,1.686,-1.093,-1.300,-0.871,-1.198,-1.591,48,20,28,11,5,10,4,8,4,19,17,25,26,25,93,1,1,1,11,6,4,1,1,1,3,1,9,8,2,1,1,1,6,1,1
266,s211,34,7,0, ,0.104,0.300,2.177,0.649,-0.666,1.711,-1.356,-0.342,-0.414,-1.097,-0.534,-1.082,-0.508,-0.214,0.399,0.219,0.280,65,39,26,19,23,12,6,21,3,30,20,20,30,21,91,2,1,1,6,3,4,2,2,2,9,7,8,9,11,2,3,3,1,1,2
267,s365,45,5,0,2,0.951,1.875,0.145,0.785,1.036,1.846,-1.230,-0.939,0.269,-1.037,-0.961,-1.147,2.278,0.697,-0.462,1.167,-1.013,83,47,36,33,25,16,8,28,7,33,14,20,28,19,81,1,1,1,8,8,8,6,2,5,9,7,8,7,8,7,7,3,2,5,6
268,s497,43,3,0,1,1.716,1.623,-0.248,-0.169,-2.018,1.602,-1.493,0.051,0.339,-0.604,-1.641,-1.144,-1.043,-0.138,0.709,1.689,-0.736,68,41,27,20,24,12,9,27,4,26,19,24,29,20,92,1,2,1,6,4,6,6,3,4,8,5,7,6,7,6,2,4,3,2,2
269,s083,53,4,0,2,-0.536,-0.659,0.652,-0.530,0.329,-0.956,0.826,0.348,-0.180,0.649,-0.753,1.062,2.199,0.732,2.096,0.521,0.565,55,34,21,14,23,11,4,15,3,22,14,23,28,24,89,3,6,4,3,1,1,5,11,1,3,1,11,7,9,2,1,2,1,1,1
270,s521,47,5,0,4,-0.687,-0.706,1.596,-0.330,-2.162,0.972,1.474,1.948,-0.403,0.823,0.888,-2.918,-1.260,1.750,1.071,1.386,1.241,32,17,15,14,6,12,4,35,0,18,25,25,28,24,102,1,1,1,1,6,1,1,1,1,6,1,6,1,6,1,1,1,1,1,1
271,s205,36,2,0,1,0.398,-0.141,-0.709,-1.456,0.897,-1.044,0.750,0.507,0.590,0.638,-0.521,-1.530,-0.077,-0.644,-1.574,-0.253,0.247,71,39,32,30,19,11,8,39,5,25,20,20,24,23,87,1,1,1,2,4,8,7,3,6,7,7,8,6,7,6,4,2,5,6,5
272,s288,31,3,0,2,0.332,1.373,-1.633,-2.142,0.719,-1.240,0.412,-1.543,-1.371,-1.235,-1.381,-1.683,0.521,-1.184,-0.249,-0.548,0.360,62,36,26,18,7,8,5,33,3,29,22,20,22,24,88,1,1,1,6,5,6,4,4,2,6,6,7,6,6,4,1,6,4,1,5
273,s414,48,2,1,1,-0.365,-0.729,0.399,-0.769,0.784,-1.137,-0.141,0.662,1.044,0.869,-0.713,0.067,1.596,-1.245,0.221,-0.890,0.067,95,61,34,29,31,17,30,35,11,22,22,21,25,24,92,1,1,1,1,6,3,10,6,8,11,11,7,10,11,11,7,5,1,11,11
274,s005,39,2,0,2,0.287,0.773,0.009,0.693,0.303,0.049,0.513,0.788,-0.622,-0.716,1.114,1.350,-0.412,-0.233,0.018,-0.608,-0.459, ,52, ,39,26,14,19,30,6,28,24,20,29,18,91,2,5,3,7,4,8,9,6,6,6,7, ,7,9,8,6,6,4,3,7
275,s248,46,5,1,1,-0.020,1.488,-0.306,0.429,-0.507,0.614,-0.678,0.596,-0.266,-0.207,0.616,0.277,0.251,0.461,0.637,0.599,0.389,109,66,43,29,19,5,9,35,4,31,14,23,27,23,87,4,3,4,11,6,11,6,10,6,9,10,11,9,11,9,6,4,1,11,8
276,s192,33,5,1,2,0.036,1.621,0.384,-0.559,-0.969,0.318,0.522,0.436,-0.221,-1.348,-0.334,-0.079,-1.117,-0.758,-0.463,0.790,0.743,65,37,28,19,16,8,4,24,2,27,20,22,26,17,85,1,1,1,6,2,4,8,3,3,5,2,11,8,6,7,1,5,1,1,2
277,s049,62,2,1,4,-0.034,-1.114,-1.476,0.435,1.030,-0.358,0.323,0.458,0.181,-0.056,-0.409,-0.494,-0.139,-1.249,-1.114,0.069,0.784,72,44,28,30,16,10,5,32,7,32,20,23,28,21,92,1,1,1,3,3,6,9,4,3,4,6,7,9,9,9,5,3,2,5,6
278,s166,41,2,0,3,-0.976,-0.451,0.536,-0.161,0.763,-0.811,1.683,1.298,-1.007,0.794,1.412,-0.244,-1.320,-1.356,-0.229,-0.345,1.034,90,55,35,30,30,16,4,38,4,30,20,20,24,19,83,1,1,1,6,5,8,8,6,3,6,9,10,9,10,10,6,6,6,7,3
279,s270,39,4,1,3,0.455,0.130,-2.204,0.776,1.269,-0.677,0.943,0.113,0.615,0.131,-1.106,1.091,-1.617,-0.880,0.478,-0.120,0.413,87,56,31,24,13,10,11,17,5,27,20,16,24,23,83,1,5,4,5,3,7,7,9,7,10,9,8,6,10,6,5,2,5,1,2
280,s277,29,4,1,3,0.053,-0.639,-1.726,-1.916,-0.170,0.718,-0.735,-0.326,0.330,0.195,1.098,2.188,-0.885,1.638,-0.923,-1.545,-0.520,86,47,39,38,20,5,4,18,4,29,19,22,29,8,78,2,1,1,6,5,11,1,1,11,11,11,6,6,11,6,1,1,1,1,11
281,s504,43,6,0,3,0.959,1.523,0.969,-0.723,-1.715,-0.985,0.560,0.675,0.631,0.505,0.074,1.229,-0.274,-0.586,-1.134,-0.085,-0.517,109,68,41,45,31,19,22,34,7,33,16,21,26,19,82,6,5,,10,9,7,9,11,8,11,9,8,9,10,8,6,9,4,9,6
282,s509,36,3,1,2,0.261,-0.835,-0.706,0.257,-0.648,-0.532,-1.359,-0.141,-0.533,0.212,0.553,1.613,1.159,-1.034,0.388,-0.609,0.030,83,51,32,30,28,6,5,24,4,21,13,20,24,24,81,3,5,2,5,3,5,8,7,9,9,4,7,8,10,8,6,2,6,6,6
283,s464,34,3,1,4,-1.813,-1.202,1.045,-0.640,-0.757,-1.037,0.156,-0.483,-0.185,0.027,-0.535,1.103,-0.896,-0.446,-1.277,-0.244,0.626,86,56,30,39,23,18,23,33,7,45,12,15,17,17,61,2,5,3,11,6,6,6,10,6,11,6,6,6,6,6,6,11,6,6,6
284,s126,25,5,0,3,1.767,-0.048,1.743,0.829,-1.002,1.811,1.177,0.987,-0.808,1.105,-0.448,0.094,-1.325,-1.685,-0.434,0.833,1.141,93,58,35,22,35,8,4,42,4,16,25,22,30,25,102,4,4,3,6,6,8,6,9,2,9,9,10,9,11,8,1,5,1,6,3
285,s304,47,3,1,2,-0.150,-1.301,0.863,1.366,-0.685,-0.277,-0.269,-0.473,1.022,-2.515,0.387,0.176,0.008,-0.092,0.004,-0.529,0.325,124,76,48,38,34,8,24,38,4,33,17,21,29,23,90,2,7,4,11,6,11,11,10,11,11,11,10,10,11,11,8,6,1,11,10
286,s317,31,3,1,2,-1.806,-0.812,1.077,-0.890,-0.886,-0.928,0.515,0.899,1.267,-0.419,1.165,2.040,-2.229,-1.469,-0.332,-0.522,0.367,54,34,20,9,20,5,4,17,0,18,25,25,30,24,104,1,1,1,3,1,11,1,1,1,11,6,6,1,11,1,6,1,6,1,1
287,s245,43,5,1,2,-0.760,-0.130,0.182,0.345,0.154,-1.157,-0.821,-0.371,0.757,-1.164,0.301,-2.271,0.609,0.157,0.251,-0.439,0.208,49,29,20,20,13,8,4,13,5,28,11,24,24,16,75,1,1,1,4,2,6,9,2,1,2,2,6,5,2,8,2,1,1,1,1
288,s496,36,5,1,3,1.493,-0.468,-0.724,0.256,-0.482,0.777,-0.959,-1.036,1.482,0.298,1.300,-0.016,-0.566,0.023,1.146,1.267,-1.856,48,17,31,12,13,9,15,18,4,24,22,20,25,18,85,1,2,1,1,5,7,4,3,6,1,1,8,5,4,3,6,1,7,1,1
289,s108,45,3,1,2,0.870,0.403,1.365,0.645,-1.554,-1.509,-1.294,-2.473,0.694,-0.902,0.088,-0.988,0.433,0.151,0.612,0.151,-0.591,59,37,22,16,19,11,6,15,5,37,12,24,26,17,79,1,1,1,3,3,3,5,4,6,6,6,7,3,10,3,1,6,5,1,3
290,s303,22,5,0,4,-1.210,0.466,-0.273,-0.853,0.177,0.806,0.950,1.027,0.030,0.630,0.262,-2.666,-1.319,1.957,-0.329,1.433,-0.569,36,10,26,21,20,6,15,15,4,22,25,25,30,27,107,2,1,1,1,4,6,3,1,6,1,1,2,8,1,2,6,1,2,1,1
291,s242,30,5,0,3,-0.049,1.046,-0.338,-1.128,-0.790,1.555,-0.438,-0.517,-0.066,0.317,-0.913,-0.163,-0.588,1.308,1.052,2.442,-0.115,69,36,33,22,10,13,8,9,6,31,20,20,24,20,84,1,1,,6,7,7,4,3,5,6,5,9,5,8,4,8,6,3,2,6
292,s208,33,3,0,3,0.393,0.478,-1.618,0.072,0.702,0.897,-2.786,-1.579,2.191,-1.257,0.158,-0.502,2.244,0.091,0.711,-0.037,-0.148,61,26,35,38,26,15,17,30,7,22,21,25,30,20,96,1,1,1,1,5,6,3,3,11,4,6,7,6,3,6,8,1,2,3,6
293,s470,34,5,0,1,1.514,1.284,-0.463,1.864,0.308,0.195,1.380,-1.757,2.391,-2.522,0.385,0.025,-0.237,0.981,-0.048,1.036,1.328,110,74,36,25,17,13,4,21,11,34,16,25,28,17,86,1,2,3,11,5,8,9,11,6,11,10,11,6,11,11,1,11,1,11,11
294,s559,42,5,1,2,-0.113,-0.161,2.627,-1.325,0.305,0.355,-0.479,-0.360,-0.306,-0.444,-0.465,-0.643,1.998,1.056,0.214,-0.329,-0.239,80,46,34,33,22,10,8,21,6,33,24,18,27,14,83,2,2,,10,6,7,4,3,3,6,7,10,8,10,6,6,3,3,2,6
295,s364,28,3,0,3,1.145,1.538,-2.590,-0.771,0.290,-0.138,-0.323,-1.425,0.643,-1.558,-0.298,0.246,-0.038,0.426,0.884,-0.667,0.235,26,15,11,9,10,6,4,12,2,22,22,25,30,27,104,1,1,1,6,1,2,1,2,1,2,1,6,1,2,1,4,3,3,1,1
296,s427,36,6,0,3,0.185,0.426,0.303,-1.052,-1.897,0.027,-0.476,0.754,0.163,1.430,-0.591,-0.909,0.680,0.561,-1.054,1.208,0.681,81,45,36,25,21,13,9,39,5,33,15,20,25,21,81,3,5,3,6,4,6,6,7,9,6,4,9,8,10,6,2,4,1,4,6
297,s489,37,5,1,1,0.292,-1.463,0.597,0.851,0.526,-0.584,0.009,-1.965,-0.945,0.494,1.435,1.919,0.284,-0.656,-1.285,-0.960,0.547,68,34,34,36,17,5,4,24,2,24,16,21,27,22,86,3,5,2,8,8,11,4,6,5,1,1,9,1,8,6,1,1,6,1,4
298,s058,36,6,0,4,1.166,1.369,-0.787,0.330,-1.670,1.463,1.159,1.112,-1.251,0.613,-0.350,-0.583,-1.415,1.188,0.731,0.555,-1.164,84,41,43,22,17,14,17,29,4,23,18,23,30,19,90,1,1,1,6,6,10,6,3,9,6,6,9,9,8,6,6,5,6,2,7
299,s224,29,5,0,3,-0.619,0.954,-0.605,-1.129,-2.196,1.865,-0.490,0.341,-0.544,0.320,0.421,-0.559,1.945,0.831,-0.474,0.672,-1.196,77,31,46,33,24,19,22,30,4,33,13,12,17,19,61,1,1,1,3,7,11,6,1,9,5,5,11,8,9,2,3,4,5,5,8
300,s342,29,5,0,2,-0.786,-0.647,-0.050,0.830,1.007,1.018,1.039,-0.104,-0.915,0.492,1.741,-0.153,1.428,-0.764,-0.134,-0.286,0.248,68,35,33,23,25,7,4,21,6,34,10,19,25,16,70,1,2,1,6,5,8,5,2,6,4,4,9,5,8,6,1,1,2,1,3
301,s381,40,2,0,3,0.390,0.236,0.213,-1.476,-0.762,-1.130,-0.556,-0.882,-0.221,0.146,-0.336,0.614,-0.175,-0.472,-0.927,0.739,-0.027,83,46,37,29,20,9,4,36,4,29,20,20,24,23,87,1,1,,6,7,9,6,7,6,6,6,9,6,9,6,6,6,5,6,6
302,s258,32,4,1,2,-0.759,-1.209,-1.053,-1.196,1.051,-0.934,-0.069,-1.092,-1.142,0.880,0.829,1.222,-1.080,-1.203,-1.063,-1.592,-1.194,50,36,14,11,16,5,4,17,3,26,6,18,22,21,67,1,1,1,1,3,2,6,6,1,6,1,6,2,10,6,1,1,1,1,3
303,s219,36,3,0,2,-0.315,1.938,0.111,-0.849,0.866,0.696,-1.339,-0.262,-0.024,-1.970,-0.081,-1.434,0.617,0.344,0.600,-0.007,-1.496,53,27,26,23,19,15,8,21,5,28,20,20,24,24,88,1,1,1,6,3,7,5,2,3,6,2,7,6,3,3,3,3,4,1,6
304,s080,46,4,1,2,0.890,-0.229,0.643,0.741,1.186,-0.049,0.100,-0.214,1.717,-0.098,-0.022,1.112,0.964,0.089,1.451,-0.211,0.481,57,35,22,13,26,5,8,20,2,29,22,20,25,25,92,1,1,1,1,2,3,4,1,1,8,8,7,9,6,7,2,4,1,1,1
305,s516,31,3,1,2,0.223,-0.741,1.014,0.158,0.078,0.780,-0.818,-0.339,-0.496,0.489,1.126,-0.748,0.172,1.750,-0.134,-0.045,0.023,93,53,40,28,30,10,12,31,6,30,11,24,29,18,82,2,2,1,3,3,6,9,6,9,9,6,11,11,11,9,6,1,3,9,9
306,s384,27,5,0,3,-0.124,1.147,-0.250,-0.069,0.103,1.720,0.148,0.067,-0.074,-2.754,0.449,-1.845,-1.088,1.362,0.640,-0.259,-0.932,49,26,23,28,14,5,9,21,4,24,23,24,26,20,93,2,1,1,6,4,2,4,2,1,1,2,9,7,7,4,2,1,1,1,4
307,s183,35,2,0,4,1.191,2.063,1.488,-0.243,0.731,1.324,0.322,1.115,-0.877,0.786,-0.180,0.013,-0.202,-0.319,-1.588,-0.286,-0.834,72,53,19,24,23,19,10,28,8,32,22,21,26,20,89,4,6,3,6,3,4,5,8,3,8,6,4,5,11,9,1,1,3,1,4
308,s358,27,5,0,4,-0.139,0.191,-0.298,-1.843,1.449,-1.149,-0.684,1.209,-1.851,1.218,-1.199,-0.142,1.377,0.042,-0.781,-0.093,-1.146,68,33,35,29,24,21,4,32,5,19,25,25,30,28,108,2,2,1,6,4,8,9,1,4,1,2,10,9,6,8,6,6,4,1,6
309,s262,28,5,1,4,-0.167,-0.963,1.616,0.663,-1.633,-0.519,0.194,0.625,0.772,0.450,-0.038,0.830,-0.110,0.005,-1.846,0.529,-0.170,92,53,39,35,23,16,21,38,6,40,18,18,23,16,75,2,2,2,8,5,9,8,8,7,6,8,9,9,8,7,4,4,5,7,6
310,s247,63,5,0,2,-0.905,-0.705,1.480,2.045,-1.102,0.259,-0.586,0.570,0.766,0.685,0.481,0.337,0.049,0.002,-1.010,-0.279,-1.527,87,55,32,27,21,19,15,35,6,27,21,20,24,13,78,2,2,2,3,4,10,10,6,1,10,8,9,8,10,8,2,2,2,2,7
311,s449,39,7,1,1,0.418,0.720,-1.288,0.306,-0.927,-0.319,-0.053,-1.885,-0.872,0.237,-0.604,-0.697,1.150,0.726,0.765,0.148,-0.280,54,25,29,18,13,5,11,25,4,31,12,23,29,20,84,3,2,2,4,6,6,3,5,4,3,2,7,6,5,3,5,3,3,1,5
312,s400,35,2,1,4,-0.730,-1.250,0.617,0.668,1.521,-0.030,0.926,0.061,1.102,-0.288,0.869,1.119,-1.038,-0.818,0.200,-0.227,0.382,91,62,29,46,29,17,23,37,9,32,22,19,27,19,87,1,1,1,11,7,3,9,6,6,10,9,7,6,8,9,5,8,6,10,10
313,s402,23,2,1,1,-0.069,0.019,2.557,-0.475,0.934,0.155,-0.736,-0.050,0.171,-2.732,-0.425,-0.375,-0.082,-0.958,-0.349,-1.789,0.207,91,59,32,22,29,17,8,28,7,25,20,20,24,23,87,1,2,2,11,5,6,8,6,9,9,7,8,4,9,9,2,3,3,4,7
314,s008,35,5,1,4,-1.316,0.867,-0.135,-1.648,0.017,-1.076,-1.106,-1.192,1.328,0.245,-1.579,-0.723,2.368,1.323,-0.051,-0.526,-1.523,25,9,16,12,5,5,4,15,6,40,17,20,18,18,73,1,1,1,1,1,6,3,1,1,1,1,2,6,1,1,1,1,1,1,1
315,s377,36,5,0,2,0.085,1.104,-1.348,0.861,0.404,0.366,1.488,1.302,0.636,0.719,0.442,-1.300,-1.242,0.380,2.479,-0.873,0.031,62,22,40,16,13,10,4,21,0,30,21,20,24,20,85,1,1,1,1,6,11,1,1,6,6,6,11,6,6,1,1,1,5,1,1
316,s173,28,3,0,3,0.730,2.395,-0.687,-0.729,-0.329,0.123,0.597,0.942,-0.616,0.980,-0.387,-0.329,-0.613,-0.254,-0.018,0.060,-0.510,56,20,36,19,9,7,14,21,6,27,15,24,28,18,85,1,1,1,1,7,6,4,1,5,6,1,11,7,3,4,1,4,3,1,2
317,s017,33,5,0,4,0.569,1.294,-1.057,1.159,-1.724,0.727,-1.704,-0.285,-1.790,0.535,0.188,-1.702,0.724,0.287,-1.352,-0.390,0.912,96,44,52,30,31,6,13,36,4,33,15,23,27,14,79,1,1,1,1,9,11,5,6,11,6,8,11,10,8,10,5,3,5,3,1
318,s027,32,3,0,2,0.404,0.607,-1.375,0.573,1.414,-0.292,0.074,-0.613,0.415,-1.238,-0.309,0.827,0.598,-1.623,-0.008,0.418,-0.659,57,33,24,14,18,5,4,31,5,30,22,25,30,26,103,1,1,1,6,6,3,3,6,3,6,3,6,6,6,3,1,1,6,1,1
319,s035,29,6,1,4,0.945,1.252,0.111,0.620,-1.298,-1.049,-1.284,-1.118,-0.297,-0.167,-0.686,0.455,-0.594,0.504,0.632,0.523,-1.012, , ,34,14,18,7,8,25,3,22,22,25,29,28,104,4,5,3,5,6,8, ,8,3,7,3,9,8,8,3,4,5,2,5,5
320,s513,33,3,1,4,-1.625,-0.135,0.265,0.669,-1.384,-1.132,-1.804,0.171,2.380,-1.105,-0.426,-1.016,-0.435,-1.825,-0.342,-0.113,-1.082,68,38,30,23,14,5,24,13,6,34,17,20,24,18,79,1,1,1,6,6,6,6,2,6,6,6,6,6,6,6,6,6,6,6,6
321,s473,25,5,0,4,0.105,1.614,-0.898,0.603,-2.216,-0.329,-0.035,0.283,-0.471,0.819,-0.202,-0.720,0.303,0.333,-1.392,0.822,0.543,74,42,32,25,20,18,18,31,4,21,21,21,24,21,87,2,1,1,4,8,6,8,6,4,6,6,8,6,6,6,4,6,3,6,3
322,s197,28,5,0,4,-0.964,1.216,1.792,0.050,-1.387,-0.022,-1.111,0.006,1.496,1.046,0.028,0.293,0.396,0.930,0.276,0.176,-0.380,66,37,29,11,15,6,7,33,0,26,24,24,29,29,106,2,1,1,6,4,6,3,7,3,6,6,8,8,6,3,3,6,2,4,3
323,s105,27,2,1,2,-1.468,-1.094,-0.747,-0.069,-1.380,0.826,0.106,-0.388,-0.181,0.622,1.936,1.288,-1.215,0.283,-2.255,-0.974,2.385, , ,34,44,29,28,24,40,6,11,25,25,30,30,110,2,2,1,5,5,4,8,5,9, ,5,9,7,6,5,5,7,9,9,5
324,s357,61,4,1,4,0.525,-0.218,0.581,0.102,-0.571,-0.053,0.615,1.424,-1.062,0.721,-1.695,0.137,-1.436,-0.142,1.564,-0.212,-0.423,90,49,41,40,25,17,14,45,7,22,25,20,29,25,99,1,7,1,6,7,8,9,6,10,6,6,9,7,9,7,6,2,2,6,8
325,s443,33,5,0,4,-0.007,-0.432,0.239,1.126,0.166,1.784,0.753,1.688,-0.969,1.292,0.143,-0.776,-0.510,1.056,1.057,0.515,-1.706,86,45,41,32,26,19,8,35,4,29,20,23,26,20,89,1,1,1,10,8,7,7,2,7,5,6,9,10,8,7,2,6,4,3,6
326,s355,35,5,0,1,0.014,0.888,-0.513,0.000,-0.149,-0.179,-0.510,-0.919,0.325,-1.519,-1.087,-1.551,1.204,-0.744,-2.115,-0.751,0.185,57,34,23,30,20,14,24,19,7,39,12,19,22,18,71,2,2,,7,7,4,6,3,1,2,3,5,6,6,7,6,6,6,1,4
327,s114,30,5,0,3,0.663,0.656,0.477,1.287,-2.049,1.092,0.459,-0.235,0.881,0.196,-0.260,-1.399,-0.648,0.031,-0.022,0.232,0.994,105,60,45,35,22,16,35,27,8,43,21,21,26,20,88,2,3,3,11,8,11,9,6,9,9,7,10,7,9,9,9,10,5,7,10
328,s545,37,3,0,1,-0.473,1.929,-1.023,-0.714,0.431,-1.412,-0.791,-0.887,0.581,-0.666,-0.406,0.152,-0.571,0.320,0.181,-1.201,-0.343,78,42,36,31,18,14,20,29,6,26,20,20,26,16,82,2,3,2,3,4,8,5,6,11,8,7,9,4,7,6,5,3,4,2,6
329,s556, , , , ,-1.881,-0.648,1.866,0.300,-0.561,-0.440,-0.603,-0.640,1.464,0.737,1.641,1.749,-0.197,0.937,0.031,-0.176,-1.115,120,76,44,40,35,28,26,50,4,51,9,19,20,7,55,,,,11,1,11,11,10,10,11,11,11,11,11,11,6,11,1,11,10
330,s338,42,5,1,1,-0.119,1.441,0.841,-0.629,-1.415,0.531,-1.733,-0.860,1.172,-0.686,-0.001,-0.305,0.477,-0.871,0.348,1.479,-0.883,69,43,26,18,21,16,4,17,0,26,20,25,20,19,84,1,2,1,6,2,6,6,7,6,6,6,6,6,6,6,3,2,1,1,6
331,s060,51,5,1,2,1.715,1.756,1.134,-1.186,-0.048,-1.482,-0.428,-0.029,-1.153,0.946,-0.856,0.361,-0.155,1.357,-0.558,0.766,1.676,84,46,38,32,27,10,19,34,9,32,21,23,27,20,91,1,7,1,2,5,6,10,5,9,7,6,11,7,6,10,5,1,2,10,9
332,s225,42,5,1,2,0.799,1.279,-0.394,1.596,-0.406,0.369,1.494,1.439,-0.602,1.418,-1.604,0.145,-0.992,-0.770,1.367,-1.107,1.205,65,41,24,10,6,9,4,11,4,25,21,20,25,20,86,5,7,5,3,2,3,6,11,3,6,3,10,6,6,6,1,1,8,1,3
333,s453,44,2,0,4,-0.542,-0.398,1.512,-0.076,1.161,1.095,-0.223,1.052,0.246,-0.508,0.697,-1.458,-0.859,-0.173,-0.337,-0.221,-0.453,93,58,35,47,32,13,20,35,4,31,24,21,29,19,93,1,1,1,11,9,5,9,6,9,10,8,6,6,6,8,6,8,6,11,9
334,s430,34,4,1,3,-1.465,-0.248,0.565,0.358,1.246,-0.876,0.771,0.230,-0.052,-0.176,-0.135,0.588,-0.491,-0.624,-1.260,-1.107,1.029,105,66,39,37,35,5,8,48,8,37,8,18,24,16,66,1,2,1,10,9,8,10,7,7,9,10,7,8,10,10,6,4,3,10,10
